MaNV,TaiKhoan,HoTenNV,DiaChiNV,NgaySinhNV,EmailNV,SDT_NV,LoaiNV
NV1,TK72090007,Pham Hue,2/72A,6/21/1972,n6887@gmail.com,517151555,QL
NV2,TK48398420,Duong Kim,10/45C,11/29/1998,b9510@gmail.com,261482473,BH
NV3,TK11367295,Vo Cuc,10/14F,6/18/1976,d1402@gmail.com,601606839,BH
NV4,TK85603051,Tran Phuoc,4/56G,8/23/1981,m2496@gmail.com,820820555,NS
NV5,TK71021007,Pham Huyen,9/86E,7/8/2000,d5884@gmail.com,572635870,NS
NV6,TK79580283,Phan Luan,8/74D,10/9/1990,k5329@gmail.com,455417949,NS
NV7,TK66354866,Vu Bich,4/63F,5/14/2000,e7110@gmail.com,196900806,NS
NV8,TK97448442,Duong Hoang,9/55C,6/7/1993,c5445@gmail.com,327394991,QL
NV9,TK27763519,Hoang Linh,1/55F,12/17/1979,i5109@gmail.com,927872415,QT
NV10,TK80373747,Huynh Luan,4/36D,3/22/1989,b9718@gmail.com,761542456,NS
NV11,TK35098808,Huynh Nga,3/98H,8/25/1974,m9761@gmail.com,879142945,BH
NV12,TK6167477,Ly Phuc,9/38A,7/12/1996,m7193@gmail.com,498059901,QT
NV13,TK52052614,Ly Chau,5/80C,8/11/2002,i5465@gmail.com,654441117,NS
NV14,TK64283676,Ho Long,5/88C,3/15/1981,f6024@gmail.com,477231965,NS
NV15,TK85611624,Ngo Ly,8/93F,11/7/1981,d5625@gmail.com,768240986,BH
NV16,TK77435609,Đo Danh,3/64F,3/14/1985,l5575@gmail.com,347116086,QT
NV17,TK97657928,Bui Phuong,10/35C,5/24/2002,l9460@gmail.com,167526098,QL
NV18,TK83348245,Hoang Dien,6/51C,5/25/1976,l4127@gmail.com,256990975,QL
NV19,TK551150,Đang Ly,5/74D,8/5/1999,g5654@gmail.com,572873855,QT
NV20,TK24344114,Ly Kim,10/93D,11/11/1978,l9780@gmail.com,338041961,QL
NV21,TK47007789,Tran Loan,7/52E,7/15/1973,i8611@gmail.com,132297779,QT
NV22,TK48240473,Nguyen Dien,2/52H,4/24/1972,a2331@gmail.com,402374097,NS
NV23,TK99438753,Vo Bich,2/51D,4/20/1971,i2602@gmail.com,597815217,QL
NV24,TK61050432,Đang Danh,1/32H,5/27/1980,a4916@gmail.com,159320845,QT
NV25,TK33495940,Phan Hue,1/11E,7/22/1986,a8380@gmail.com,662491714,NS
NV26,TK78818518,Ngo Hoang,10/75G,10/27/1982,i3730@gmail.com,405998014,BH
NV27,TK91565330,Ho Han,6/29D,6/6/1990,h4705@gmail.com,685090415,NS
NV28,TK19206813,Ly Quan,1/92C,6/18/1982,i1685@gmail.com,323528171,QL
NV29,TK83994366,Nguyen Chau,8/39G,3/6/1980,b9571@gmail.com,443237453,BH
NV30,TK31192989,Vu Kim,3/64G,12/24/1990,d6158@gmail.com,487920522,QL
NV31,TK12892447,Đo Nguyet,4/40E,9/30/1982,b2411@gmail.com,228289530,BH
NV32,TK40041138,Ho Luan,7/40F,10/2/2001,f5775@gmail.com,395402135,QL
NV33,TK63103312,Duong Dao,1/82H,7/13/2001,a4577@gmail.com,756519630,NS
NV34,TK38803507,Nguyen Huy,3/81H,4/22/1970,g7525@gmail.com,308323993,QT
NV35,TK48261092,Pham Nga,9/76F,10/4/1981,j2675@gmail.com,384003678,QL
NV36,TK85434120,Huynh Hung,3/25A,3/26/1979,l5485@gmail.com,784882807,BH
NV37,TK60565421,Duong Huyen,3/84C,12/29/1986,e2577@gmail.com,851619955,QT
NV38,TK92786041,Ngo Phuoc,5/13F,7/9/1999,n9439@gmail.com,176686475,QT
NV39,TK9506877,Đang Chi,2/12G,9/2/2001,m3194@gmail.com,139988425,BH
NV40,TK20248850,Ngo Phuoc,6/86G,8/6/1974,l8729@gmail.com,295505310,QL
NV41,TK84626589,Bui Lieu,7/22C,4/24/1973,c3767@gmail.com,760269809,BH
NV42,TK99565757,Đang Hoang,3/29C,3/13/2000,m5779@gmail.com,418268056,NS
NV43,TK94261756,Ly Cam,10/87H,7/27/1997,i9604@gmail.com,300890611,QL
NV44,TK51608896,Ho Minh,8/78D,11/7/1989,i3211@gmail.com,763825497,QL
NV45,TK75321104,Phan Diem,3/46F,9/1/1976,h8871@gmail.com,544056530,NS
NV46,TK50814864,Duong Quan,1/74E,8/27/1971,i6230@gmail.com,588939034,QL
NV47,TK61434149,Duong Lien,8/97E,7/16/1980,e3518@gmail.com,506246679,NS
NV48,TK29292414,Vu Phuc,10/84C,4/28/1980,e9701@gmail.com,889428495,NS
NV49,TK3615454,Phan Dao,7/61A,11/16/1982,k8385@gmail.com,810886870,NS
NV50,TK24537549,Đo Vu,2/87F,5/19/1979,g8090@gmail.com,561016821,QL
NV51,TK13774656,Pham Cam,7/62C,10/9/1980,i2223@gmail.com,470141322,QT
NV52,TK71465464,Đang Kim,10/22G,12/20/2002,c1923@gmail.com,256583065,QL
NV53,TK25246763,Ho Han,8/87F,4/15/1972,h7781@gmail.com,848387355,QT
NV54,TK79252187,Duong Hoang,8/38A,11/2/1991,d7251@gmail.com,646871532,QL
NV55,TK5190424,Nguyen Han,4/75G,5/19/1979,h2243@gmail.com,396507134,QT
NV56,TK86980766,Ly Hung,4/67E,3/9/1970,g2468@gmail.com,524195170,QT
NV57,TK65657135,Le Cuc,10/52D,10/21/1998,e3908@gmail.com,682775914,QT
NV58,TK66708953,Vo Luong,8/40C,4/19/1998,a8882@gmail.com,127395715,NS
NV59,TK55388712,Ngo Chi,5/93F,11/13/1992,n7048@gmail.com,652529797,QL
NV60,TK92117296,Hoang Hieu,10/95H,9/6/1982,g1430@gmail.com,236892734,BH
NV61,TK59684452,Ngo Diem,10/79B,5/29/1986,c3538@gmail.com,423252221,NS
NV62,TK95676201,Le Phuc,9/75G,7/19/2001,b8537@gmail.com,668773092,QT
NV63,TK53712585,Tran Cuc,9/19B,9/1/1987,k1741@gmail.com,827960636,QL
NV64,TK18756563,Phan Vu,3/31A,6/24/1998,b3551@gmail.com,842684213,QL
NV65,TK86997073,Tran Ly,2/54G,9/13/1972,d5146@gmail.com,109313874,QL
NV66,TK8619178,Huynh Kim,10/68C,6/28/2000,m1055@gmail.com,994107508,QT
NV67,TK81281609,Bui Huyen,9/34H,8/23/1972,j6780@gmail.com,428945576,BH
NV68,TK64146843,Pham Long,8/64G,8/23/1970,k8877@gmail.com,606303256,QT
NV69,TK5164796,Duong Lieu,2/51F,3/3/2002,k2816@gmail.com,218846343,QT
NV70,TK82587865,Pham Hung,9/40C,9/5/1976,j8635@gmail.com,864289582,QL
NV71,TK88477326,Hoang Dao,5/27C,6/1/1984,f3337@gmail.com,980685105,NS
NV72,TK64223678,Phan Vu,1/71B,11/29/1997,n6650@gmail.com,169878697,NS
NV73,TK18600890,Ly Cat,10/39B,7/14/1999,b3015@gmail.com,276319766,QL
NV74,TK31031248,Ho Long,1/25A,5/7/1986,e7396@gmail.com,343187759,QT
NV75,TK35993708,Bui Hoa,9/62B,6/30/1987,n8460@gmail.com,623745127,QL
NV76,TK1465084,Ly Minh,3/28A,7/20/1971,d2260@gmail.com,784795437,QT
NV77,TK82429037,Vu Nghi,5/80A,11/26/1974,l2249@gmail.com,667021877,NS
NV78,TK47051477,Vu Danh,6/77E,6/22/2001,l5342@gmail.com,452755814,QT
NV79,TK96892979,Tran An,2/50E,7/6/1970,h6174@gmail.com,374342952,NS
NV80,TK74357714,Vu Danh,5/60G,3/6/1980,h8742@gmail.com,326815243,NS
NV81,TK64470812,Vu Nghi,6/46G,4/23/1991,h9788@gmail.com,194773027,BH
NV82,TK7602984,Bui Long,10/21E,5/8/1984,f8031@gmail.com,273406363,QL
NV83,TK37250635,Nguyen An,1/27B,12/1/1979,j4417@gmail.com,459755595,NS
NV84,TK85543456,Đang Vu,9/70G,8/28/2000,i2653@gmail.com,441728500,QL
NV85,TK28342523,Phan Huyen,7/77E,7/14/1983,h5215@gmail.com,605038800,BH
NV86,TK46313715,Tran Hung,2/59G,12/15/1997,c8631@gmail.com,563095430,NS
NV87,TK63838214,Ho Duyen,10/43F,5/28/1983,j4009@gmail.com,339742634,QL
NV88,TK10204493,Duong Phuoc,5/22D,11/13/1980,b4294@gmail.com,506695657,NS
NV89,TK22974401,Đang Nguyet,8/11H,7/29/1990,b5597@gmail.com,629734164,QL
NV90,TK1365255,Bui Phuc,1/81B,12/30/1984,i3466@gmail.com,302808211,BH
NV91,TK88554529,Huynh Bich,10/14C,8/17/1988,n7277@gmail.com,364792906,QL
NV92,TK70199288,Đo Minh,8/99F,6/22/1995,j3155@gmail.com,543553799,BH
NV93,TK39906293,Nguyen My,3/49A,11/19/1988,c1546@gmail.com,846636259,QL
NV94,TK94777795,Phan Minh,8/67F,7/20/1996,f3378@gmail.com,379371388,QT
NV95,TK2849294,Ly Chau,10/54C,6/29/1980,d5154@gmail.com,441181999,NS
NV96,TK1946451,Ho Phuc,3/67A,4/8/1991,l3460@gmail.com,871268502,BH
NV97,TK71402156,Le Duyen,6/68G,8/6/1981,i1359@gmail.com,886785244,QT
NV98,TK90034440,Huynh Long,4/27H,6/21/1993,e5509@gmail.com,505083068,NS
NV99,TK57009840,Ly Dao,2/15H,9/14/1982,e1723@gmail.com,859372670,NS
NV100,TK97037522,Tran Hung,1/38D,3/27/1976,n3900@gmail.com,532188345,BH
NV101,TK95844508,Le Nghi,7/83F,8/23/1985,g3504@gmail.com,411802433,BH
NV102,TK71870193,Ngo Luan,2/46E,3/17/1974,h6412@gmail.com,142398447,QT
NV103,TK99177056,Bui Nghi,6/94H,11/1/1985,f9963@gmail.com,333396238,BH
NV104,TK63723251,Ly Phuc,5/15E,5/17/1998,g7177@gmail.com,449698600,NS
NV105,TK69244358,Huynh Chinh,3/14G,12/11/1996,i2337@gmail.com,314455018,QL
NV106,TK98871998,Duong Quan,1/96G,8/30/1992,e4697@gmail.com,330343326,NS
NV107,TK5547523,Đang Nghi,7/29E,10/23/1977,e3558@gmail.com,175878612,BH
NV108,TK40300043,Le Hung,5/12E,9/4/1996,e6730@gmail.com,468154510,BH
NV109,TK2208846,Hoang Linh,10/73F,9/21/1982,g7367@gmail.com,328199736,NS
NV110,TK13695803,Vo Phuoc,9/21G,11/2/1977,h2940@gmail.com,102914287,BH
NV111,TK77738936,Bui Chi,4/41A,3/4/1984,c8543@gmail.com,886725028,QL
NV112,TK95616394,Đo Luan,6/60A,8/12/1970,j6021@gmail.com,589922656,QT
NV113,TK63787700,Đo Binh,3/28F,12/11/1976,h8173@gmail.com,159303936,NS
NV114,TK23472518,Tran Phuoc,6/43B,12/21/2002,b8131@gmail.com,250695238,NS
NV115,TK18690185,Nguyen Chinh,9/13H,10/19/1981,l3673@gmail.com,340394722,NS
NV116,TK68076935,Ho Hoang,7/79A,8/28/1984,i8741@gmail.com,730650246,NS
NV117,TK77611126,Nguyen Han,6/97F,12/13/1979,m4016@gmail.com,901388765,BH
NV118,TK16244895,Duong Danh,1/31C,6/23/1990,m8611@gmail.com,363926247,QT
NV119,TK85468911,Đo Diem,2/75A,12/6/1970,n6376@gmail.com,321634349,QT
NV120,TK54378056,Huynh Hoang,7/64F,4/20/1983,b5936@gmail.com,288068532,QT
NV121,TK43100762,Vo Lien,8/90A,9/24/1996,e8258@gmail.com,702589995,QL
NV122,TK77073214,Nguyen Hung,6/29B,12/30/1981,n2611@gmail.com,836380425,QT
NV123,TK59016374,Phan Cuc,10/36E,5/9/1975,f4346@gmail.com,517784470,NS
NV124,TK50072358,Duong Vu,6/29E,9/17/1982,f5441@gmail.com,582533493,NS
NV125,TK71910946,Bui Linh,9/80C,5/17/1992,a3723@gmail.com,536209507,NS
NV126,TK97951359,Ly Long,1/12E,4/16/1979,m4735@gmail.com,186168296,BH
NV127,TK90084335,Pham My,7/87G,4/9/1988,i9078@gmail.com,220192765,QL
NV128,TK3135272,Tran Danh,4/43H,3/15/1998,d9373@gmail.com,655800526,QT
NV129,TK2983909,Phan Han,4/89F,5/23/1994,m8263@gmail.com,960561371,BH
NV130,TK48611885,Đo Luong,5/95B,5/8/1981,e1073@gmail.com,732019447,QL
NV131,TK92200277,Đang Diep,1/43E,9/23/1990,d4459@gmail.com,169193921,QT
NV132,TK3513792,Hoang Danh,2/59H,3/16/1994,m3570@gmail.com,816558487,NS
NV133,TK56586356,Hoang Ly,7/95F,8/4/1988,j8128@gmail.com,921419905,NS
NV134,TK18355326,Vu Minh,3/30A,9/25/1975,j2543@gmail.com,232168442,QL
NV135,TK38407067,Nguyen Han,2/75G,7/7/1996,m1881@gmail.com,129290461,QL
NV136,TK3736818,Phan Hieu,4/32E,6/6/1975,n6522@gmail.com,935522744,BH
NV137,TK15191951,Hoang Lien,2/23C,6/14/1977,d9973@gmail.com,600898820,QL
NV138,TK19588699,Hoang Dien,5/44A,7/2/1988,e9236@gmail.com,580700746,BH
NV139,TK73872125,Vu Duyen,1/70C,9/11/1970,l2050@gmail.com,398130017,QT
NV140,TK25661650,Pham Huy,5/41D,9/1/1998,h7838@gmail.com,749912356,BH
NV141,TK56875163,Vo Duyen,6/84H,10/10/1990,k2041@gmail.com,525380454,NS
NV142,TK58575743,Hoang Hieu,3/80G,3/22/1979,m9311@gmail.com,273827627,QL
NV143,TK68630727,Phan Chi,4/91A,11/16/2000,k1531@gmail.com,872550490,QT
NV144,TK44193871,Huynh Hoang,7/86H,11/13/1971,d8342@gmail.com,706644391,NS
NV145,TK78503628,Pham My,8/44E,6/19/1985,n1696@gmail.com,156614364,QL
NV146,TK412780,Ho Hieu,4/82G,8/23/1979,f5463@gmail.com,670964865,QL
NV147,TK70669578,Bui Bich,5/43H,5/28/1999,m2168@gmail.com,114496353,QT
NV148,TK50403914,Phan Huy,10/65E,9/16/1970,d7620@gmail.com,658716668,QT
NV149,TK74400793,Duong Lien,10/59D,11/8/1988,n9907@gmail.com,674358180,QL
NV150,TK16925036,Đang Hoang,7/20H,8/7/1982,h1684@gmail.com,222309476,BH
NV151,TK55212250,Ho Loan,6/22B,12/23/1977,b3140@gmail.com,669552751,QT
NV152,TK76932347,Đang Danh,7/90E,12/9/1998,c6318@gmail.com,245839232,QL
NV153,TK34727285,Ho Nguyet,10/11C,11/1/2002,c4864@gmail.com,534427110,QT
NV154,TK93455640,Vu Luong,4/12H,10/27/1984,n3800@gmail.com,383340132,QL
NV155,TK76678779,Vu Chinh,3/15D,11/11/1993,j7274@gmail.com,939793623,NS
NV156,TK91426289,Ho Vu,3/71A,11/7/1985,g1890@gmail.com,208852206,NS
NV157,TK75970467,Đang Diem,2/95H,10/5/1986,a4321@gmail.com,375947701,NS
NV158,TK36244984,Đang Long,2/35F,7/23/2000,g1798@gmail.com,597649059,QT
NV159,TK16222357,Le Duyen,1/93F,12/1/1988,j7195@gmail.com,336073898,QL
NV160,TK40389861,Vo Minh,3/92F,3/4/1999,j9830@gmail.com,927174840,NS
NV161,TK22751755,Le Hue,4/67A,5/6/2000,f1305@gmail.com,171743426,QT
NV162,TK60908617,Ngo Long,6/22B,9/6/1977,h2562@gmail.com,487862713,BH
NV163,TK10604703,Hoang Cat,8/49D,10/25/1977,h8133@gmail.com,919314165,NS
NV164,TK27631511,Vu Minh,2/13E,5/21/1982,e4049@gmail.com,372672706,BH
NV165,TK89294053,Duong Diem,9/28F,12/2/1973,m3956@gmail.com,918161791,NS
NV166,TK48299221,Huynh Phuc,5/44G,7/27/1990,k9211@gmail.com,246090806,BH
NV167,TK21974143,Ho Han,5/11B,5/23/2001,m1387@gmail.com,220300774,BH
NV168,TK51533065,Vu Luan,7/73A,8/16/1975,n7008@gmail.com,973672263,BH
NV169,TK31300020,Tran Huyen,7/98H,10/21/2002,c3957@gmail.com,713466311,QL
NV170,TK28576643,Đang Luong,4/93A,12/26/1981,l5631@gmail.com,402705789,NS
NV171,TK50261706,Huynh Binh,1/68A,8/8/1977,c4481@gmail.com,611989602,BH
NV172,TK67976583,Le Hoang,7/48F,12/22/1993,l4378@gmail.com,295493881,BH
NV173,TK27028430,Vo Huyen,1/28C,10/7/2000,h9527@gmail.com,729889274,NS
NV174,TK68383674,Phan Quan,2/70G,8/15/1971,l3317@gmail.com,245382561,QT
NV175,TK66843805,Ho Chau,9/28B,6/28/1977,g4478@gmail.com,863688901,QL
NV176,TK98898960,Bui Hieu,8/85F,12/5/1977,d3214@gmail.com,132847191,QL
NV177,TK27561487,Ho Nga,2/18H,8/23/1992,i2700@gmail.com,886862725,BH
NV178,TK10669650,Vo Vu,3/29B,5/11/2002,l6579@gmail.com,545610838,BH
NV179,TK43808829,Duong Binh,9/44B,12/22/1990,l6109@gmail.com,119193502,QL
NV180,TK18357145,Đang Long,4/78E,8/8/1984,e9707@gmail.com,604489633,BH
NV181,TK50838677,Le Nga,6/28F,5/27/1971,g3104@gmail.com,926527803,QL
NV182,TK82026843,Ly Minh,6/62D,5/18/1991,k8739@gmail.com,337773145,BH
NV183,TK43023486,Vu Binh,5/73C,10/11/1973,f6314@gmail.com,818975824,QT
NV184,TK8378711,Ly Luong,6/28D,11/18/1986,e9451@gmail.com,667349368,BH
NV185,TK52156774,Hoang Phuong,4/99F,8/1/1985,l3126@gmail.com,378147183,BH
NV186,TK13245307,Ngo Phuc,4/55F,9/18/1980,b1146@gmail.com,634669516,QT
NV187,TK76138540,Bui Chau,3/76F,10/8/1998,i9259@gmail.com,461822382,BH
NV188,TK10815955,Ngo Minh,3/81H,5/9/1988,c9020@gmail.com,945942523,QL
NV189,TK23324725,Bui Lieu,4/13F,6/7/1975,n4087@gmail.com,572807387,BH
NV190,TK16475978,Đo Hieu,9/72G,12/4/1982,d3944@gmail.com,841992404,QL
NV191,TK2658799,Ngo Dao,10/90H,6/13/1987,f8556@gmail.com,178831064,BH
NV192,TK96654298,Hoang Kim,1/15D,10/28/1988,d2953@gmail.com,280295214,QL
NV193,TK75770664,Ly Ly,9/11A,8/6/1985,g9638@gmail.com,324798290,NS
NV194,TK23315874,Pham Dien,6/57H,7/8/1978,h2835@gmail.com,584970285,NS
NV195,TK98003334,Huynh Lien,2/54F,9/25/1978,b5430@gmail.com,432117313,QL
NV196,TK18449328,Pham Phuoc,1/36D,5/29/1972,g5267@gmail.com,396118367,BH
NV197,TK12028084,Pham Diep,2/82D,7/18/1985,a7455@gmail.com,463045261,QL
NV198,TK4297240,Nguyen Phuc,7/92D,5/23/1987,g8476@gmail.com,556352342,QT
NV199,TK2772354,Pham Cam,9/90D,4/26/1988,b7440@gmail.com,917422191,BH
NV200,TK66135255,Nguyen Long,4/37H,4/26/1985,a9631@gmail.com,122701720,QL
NV201,TK31200076,Vu Diep,1/20F,9/1/2002,g2298@gmail.com,596215630,QL
NV202,TK13117764,Huynh Dien,7/83H,4/28/1976,i7158@gmail.com,432574166,BH
NV203,TK71129643,Ho Cam,1/93H,8/1/1973,g3154@gmail.com,558222376,QL
NV204,TK18565461,Đo Hoang,10/65G,12/5/1988,b8427@gmail.com,469600217,QL
NV205,TK75735224,Đang Cuc,3/28A,8/25/1999,l7988@gmail.com,717645969,BH
NV206,TK48780740,Pham Long,2/73F,10/13/1994,d5742@gmail.com,732938700,BH
NV207,TK17781559,Hoang Diep,8/68F,9/3/1970,k7825@gmail.com,831022086,NS
NV208,TK69787440,Hoang Hieu,7/86D,7/9/1989,b9032@gmail.com,531615229,NS
NV209,TK38587750,Vu Diep,7/15B,9/23/1994,m1613@gmail.com,410904121,QL
NV210,TK16706517,Đang Danh,1/22H,12/25/1975,e9345@gmail.com,405467350,QL
NV211,TK55083746,Ngo Phuong,2/33B,12/7/1979,a4112@gmail.com,382538965,QL
NV212,TK86908637,Ly Dien,2/97G,4/21/1984,b3001@gmail.com,643804707,QT
NV213,TK55913185,Vo Chau,10/52F,12/1/1979,j9665@gmail.com,832884228,BH
NV214,TK63333090,Đo Phuc,1/86E,4/15/1995,f6114@gmail.com,939880376,QT
NV215,TK33822835,Huynh Dao,6/38H,4/11/1975,j1986@gmail.com,919218103,BH
NV216,TK22422324,Nguyen Danh,7/44F,8/29/1985,l6190@gmail.com,636153603,QL
NV217,TK29790295,Ho Chau,10/69C,6/22/1998,l7553@gmail.com,482369481,NS
NV218,TK65091675,Tran Quan,4/54H,9/18/1972,d3677@gmail.com,364244066,QT
NV219,TK75614371,Ngo Hue,10/81C,7/22/1979,n4168@gmail.com,321003255,QT
NV220,TK27088936,Ngo Luong,10/72H,9/8/1979,n6034@gmail.com,282686286,NS
NV221,TK33943418,Vo Duyen,5/73C,12/4/1988,n2266@gmail.com,941587664,NS
NV222,TK48281220,Ho Vu,2/69G,8/22/1991,c5027@gmail.com,216944870,QT
NV223,TK23898037,Ho Phuong,2/76E,9/4/1986,d2625@gmail.com,607752756,QT
NV224,TK72331780,Ngo Hung,1/16C,6/21/1989,e9947@gmail.com,295499811,QT
NV225,TK85269812,Đang Phuong,4/43D,11/3/1979,j2821@gmail.com,776973028,NS
NV226,TK95528778,Hoang Phuoc,10/87H,7/6/1974,d4945@gmail.com,771953282,NS
NV227,TK76425308,Le Nga,9/57D,10/30/1988,f9115@gmail.com,703465233,QT
NV228,TK85675066,Nguyen Phuoc,4/86E,3/19/1979,h5870@gmail.com,393747130,BH
NV229,TK72994555,Nguyen Diep,7/77F,9/18/1990,j6986@gmail.com,505778464,BH
NV230,TK65537547,Tran Huy,4/89G,3/5/1978,e5715@gmail.com,354647038,QT
NV231,TK83849692,Vu Lieu,3/57A,6/10/2002,d7037@gmail.com,190351928,BH
NV232,TK48210086,Bui Phuc,4/67F,7/5/1998,b6402@gmail.com,869512443,NS
NV233,TK43908280,Pham Binh,5/59B,6/17/2000,a2770@gmail.com,461302988,BH
NV234,TK31348764,Đo Phuoc,9/75E,9/29/1979,j8077@gmail.com,833522300,QL
NV235,TK98774598,Vu Linh,10/67D,12/30/1981,k5432@gmail.com,705377235,QT
NV236,TK87969730,Huynh Quan,2/35D,3/16/1971,a5790@gmail.com,459464081,NS
NV237,TK25334622,Đang Chi,8/60D,3/11/1998,g5309@gmail.com,217667226,QL
NV238,TK21655719,Pham Danh,1/94F,9/13/1991,m4389@gmail.com,470323336,QL
NV239,TK74765166,Ly Phuong,10/32H,8/28/1975,d4224@gmail.com,446435605,BH
NV240,TK37041743,Đo Phuoc,9/59H,4/9/1983,b1715@gmail.com,724119195,QL
NV241,TK26707141,Ngo Bich,2/87B,5/22/1977,d2473@gmail.com,869157555,NS
NV242,TK13674135,Tran Phuoc,5/93E,7/14/1993,g4993@gmail.com,883147261,BH
NV243,TK53626484,Ly My,6/50A,5/5/1972,b1140@gmail.com,777384672,NS
NV244,TK64591291,Ly Huy,2/68G,6/26/1985,e7489@gmail.com,511886765,NS
NV245,TK20427746,Bui Diep,4/13G,3/18/1984,d3442@gmail.com,471899480,QL
NV246,TK79615757,Le Hung,7/96C,5/27/1977,h8528@gmail.com,819539180,NS
NV247,TK13487754,Phan Lien,10/59A,10/12/1984,i7869@gmail.com,913526393,NS
NV248,TK42385186,Bui Luong,3/16A,8/29/1996,g5732@gmail.com,828694558,QT
NV249,TK61775424,Hoang Linh,4/52D,12/11/1981,h9600@gmail.com,769792104,NS
NV250,TK95261176,Ngo Quan,4/34G,10/24/1996,h4564@gmail.com,170948382,QT
NV251,TK20818673,Hoang Lien,7/20G,10/10/1984,l2286@gmail.com,589785105,QT
NV252,TK43026708,Huynh Phuoc,7/58G,3/27/1976,g7219@gmail.com,762190851,NS
NV253,TK57632993,Huynh Duyen,5/98G,4/26/1984,n3347@gmail.com,159354584,BH
NV254,TK73911097,Đang Danh,7/24E,5/13/1983,m3844@gmail.com,639367076,QL
NV255,TK8144918,Ly Nguyet,1/70A,7/3/1985,f9804@gmail.com,847062860,QT
NV256,TK94288539,Bui Phuc,5/73A,3/18/1976,b7051@gmail.com,772089427,QT
NV257,TK5549858,Đo Hoa,8/71D,4/7/1999,h8727@gmail.com,418669996,QL
NV258,TK37015948,Tran Hung,2/75F,11/8/1973,c8560@gmail.com,884484533,QL
NV259,TK74231480,Đo Chi,1/38C,5/24/1983,b6612@gmail.com,757780779,BH
NV260,TK77846331,Bui Quan,6/94H,8/29/1982,n5417@gmail.com,621990654,QT
NV261,TK68648741,Bui Ly,9/90F,8/13/1974,f8573@gmail.com,846157431,QT
NV262,TK5519359,Duong Hung,10/50G,3/26/1976,b4902@gmail.com,319786715,QL
NV263,TK65085467,Le Loan,7/77B,4/23/1975,n9150@gmail.com,126850378,BH
NV264,TK52209071,Pham Long,9/45D,7/8/1994,j5766@gmail.com,372636056,QL
NV265,TK40736531,Vo My,8/93D,5/29/1988,l3058@gmail.com,641285462,BH
NV266,TK27240535,Vo Hung,7/69E,5/13/1993,l8255@gmail.com,509592603,BH
NV267,TK49090783,Le Phuong,10/30G,3/24/1978,m3098@gmail.com,630904264,QL
NV268,TK16834950,Đo Phuoc,1/13B,8/20/1996,j2206@gmail.com,673144814,QT
NV269,TK44281347,Nguyen Nghi,2/57G,5/7/1997,a2375@gmail.com,741715837,QT
NV270,TK40053613,Nguyen Hung,4/37D,5/9/1984,m2965@gmail.com,467380121,NS
NV271,TK92225574,Pham Duyen,4/18F,4/9/1973,l7672@gmail.com,645178618,QT
NV272,TK57736124,Duong Quan,2/71F,6/14/1970,c9714@gmail.com,826077172,BH
NV273,TK46256453,Ho Chau,6/81G,9/10/1999,d8785@gmail.com,289771946,QL
NV274,TK3353597,Ngo Hung,3/50F,11/20/1977,f5101@gmail.com,835949536,BH
NV275,TK83609370,Đang Nga,2/73A,10/19/1973,f8875@gmail.com,519945420,BH
NV276,TK43287547,Đang Vu,2/37G,5/24/1995,h9481@gmail.com,540257861,BH
NV277,TK47243205,Đang Diep,3/24B,11/2/1994,g8790@gmail.com,740128360,QL
NV278,TK58646389,Ho Hoang,10/77C,12/8/2001,c3697@gmail.com,429919502,NS
NV279,TK82168329,Duong Han,9/84A,4/25/1980,b7963@gmail.com,296140637,NS
NV280,TK84405062,Đo Minh,10/48B,6/11/1976,m1905@gmail.com,383002622,BH
NV281,TK40112094,Le Nghi,1/24H,7/7/1990,a7412@gmail.com,557020032,QL
NV282,TK20104737,Bui Vu,10/56C,3/18/1983,a8241@gmail.com,823823530,QL
NV283,TK15436614,Huynh Chinh,9/41D,5/1/1994,c5670@gmail.com,414883470,QL
NV284,TK63367137,Hoang Luong,4/90C,6/21/1971,l7073@gmail.com,882764320,NS
NV285,TK7441321,Duong Hue,4/95A,8/21/1990,d9359@gmail.com,479948319,QL
NV286,TK26949782,Nguyen Dien,3/66B,5/14/1971,l6587@gmail.com,781019353,QT
NV287,TK66807871,Duong Phuong,9/30D,12/27/2000,b5686@gmail.com,941226067,QT
NV288,TK87878547,Ngo Minh,5/17C,8/18/1980,n4780@gmail.com,195434605,NS
NV289,TK74042454,Duong My,9/11A,5/30/1984,l7407@gmail.com,952601059,QL
NV290,TK19012249,Ho Huy,2/50C,9/9/1987,k1575@gmail.com,282074280,NS
NV291,TK7449578,Le Lieu,1/38C,11/5/1994,a2561@gmail.com,939786904,QL
NV292,TK56325191,Vu Kim,5/63D,9/9/1974,m5453@gmail.com,556344415,QL
NV293,TK51671530,Le Chi,10/15F,10/15/1971,f8554@gmail.com,981195426,QL
NV294,TK81486969,Tran Vu,6/32F,12/10/1981,j9406@gmail.com,476547157,NS
NV295,TK23795122,Nguyen Cam,3/18F,6/5/1972,b4305@gmail.com,407157760,NS
NV296,TK38145184,Duong Vu,7/55B,4/1/1996,i2247@gmail.com,576717682,NS
NV297,TK29371052,Ho Han,7/40H,4/15/2001,k3718@gmail.com,183111276,QT
NV298,TK6732631,Nguyen Quan,4/94G,7/26/1974,b5901@gmail.com,714277406,QL
NV299,TK64785765,Ngo Cam,1/80E,9/19/1983,k3576@gmail.com,675623311,QT
NV300,TK98938929,Tran Hieu,7/57D,11/25/1996,g5220@gmail.com,210264609,NS
NV301,TK60122225,Hoang Chau,10/69G,8/4/1971,b8964@gmail.com,428924020,NS
NV302,TK16305737,Ly Luong,3/31H,7/11/1970,i3989@gmail.com,966754505,QL
NV303,TK59064064,Vu Binh,3/99A,11/19/1984,f7256@gmail.com,315095360,QT
NV304,TK81231385,Le Phuoc,1/26C,10/17/1986,j9777@gmail.com,835594934,QL
NV305,TK54560827,Le Chi,1/38H,11/9/1984,h8810@gmail.com,467238840,QT
NV306,TK90777214,Hoang Hoang,7/34D,3/30/1984,l3067@gmail.com,252033650,QT
NV307,TK75379038,Vo Duyen,7/75H,8/9/1987,a4291@gmail.com,307471995,QL
NV308,TK33387192,Hoang Dien,4/72E,6/1/1995,b7141@gmail.com,493458475,BH
NV309,TK8791153,Huynh Cuc,5/72H,11/29/1970,h6024@gmail.com,268975946,NS
NV310,TK84787636,Đo Huy,2/75A,4/22/1979,m3925@gmail.com,225959507,QL
NV311,TK13032966,Ngo Hoa,3/41G,12/11/1976,i2433@gmail.com,607310397,QL
NV312,TK23067832,Bui Luan,5/30H,12/28/1992,f8695@gmail.com,752555845,NS
NV313,TK25535720,Phan Nguyet,7/25D,4/8/1985,h6447@gmail.com,605907554,NS
NV314,TK72574723,Đang Hieu,6/14A,6/13/1990,j3622@gmail.com,277474142,QT
NV315,TK29658396,Huynh Ly,6/74H,6/28/1970,b1979@gmail.com,966071757,QT
NV316,TK9372919,Phan Minh,10/33D,3/21/1975,l5033@gmail.com,482632294,NS
NV317,TK79535125,Phan Linh,6/60B,12/16/1992,e5645@gmail.com,293467866,BH
NV318,TK16312370,Vo Minh,8/54C,11/25/1985,k4723@gmail.com,616211275,NS
NV319,TK68198800,Ngo Ly,9/42C,12/13/1980,h1155@gmail.com,729211414,BH
NV320,TK87911170,Vo Hung,8/81E,12/14/1971,e1263@gmail.com,512780830,QT
NV321,TK56910929,Pham Han,7/24C,3/23/1972,l5005@gmail.com,664590518,BH
NV322,TK82929971,Tran Dien,7/85H,4/3/1992,e9336@gmail.com,136076130,QT
NV323,TK29495263,Bui Chinh,7/23F,11/15/1985,h4628@gmail.com,336001309,QT
NV324,TK70451622,Ho Minh,3/14H,5/9/1977,c9828@gmail.com,568024831,QT
NV325,TK9750047,Ngo Phuong,2/20D,9/22/1989,j3434@gmail.com,734468755,QT
NV326,TK17687828,Ngo Luong,3/65G,6/20/1983,g6965@gmail.com,350269805,QT
NV327,TK96849267,Vo Loan,5/15A,10/4/1981,j1891@gmail.com,161360418,QT
NV328,TK6406115,Hoang Long,7/40A,11/15/1976,c1677@gmail.com,473384377,QT
NV329,TK97674320,Duong An,7/90B,10/30/1971,c6257@gmail.com,631834068,QT
NV330,TK70101286,Nguyen Danh,7/38A,6/7/1994,f7701@gmail.com,948696983,BH
NV331,TK34548302,Nguyen Diem,8/15C,8/10/1985,l5457@gmail.com,686894918,QL
NV332,TK55442352,Đang Dien,3/44E,12/24/1985,c5509@gmail.com,287914130,QT
NV333,TK59620046,Tran Binh,1/36A,3/9/1999,d7306@gmail.com,146539581,BH
NV334,TK6860356,Nguyen Phuoc,7/96H,9/22/1985,b8676@gmail.com,513368093,QT
NV335,TK99767418,Tran Phuong,1/14G,3/29/1976,i9257@gmail.com,844189306,QL
NV336,TK90165810,Đang Vu,4/14A,10/22/1985,k8618@gmail.com,840341458,BH
NV337,TK89156840,Ngo Ly,8/16B,5/21/1988,n8655@gmail.com,384612227,QL
NV338,TK36094013,Hoang Minh,10/21A,3/17/1983,c8802@gmail.com,146807449,NS
NV339,TK82748293,Ngo Cat,10/18D,4/22/1990,f4224@gmail.com,193477954,BH
NV340,TK15555940,Vu Hieu,5/72F,4/1/2002,a5580@gmail.com,510953384,QT
NV341,TK3832741,Đang Huyen,8/86E,5/21/1995,h9600@gmail.com,966923957,BH
NV342,TK81346169,Nguyen Phuc,2/63G,3/29/1978,a8333@gmail.com,740923392,QT
NV343,TK8721281,Duong Nga,7/84B,9/3/1998,a9891@gmail.com,115275883,NS
NV344,TK11345074,Đo Hoang,1/40B,9/12/1994,c7321@gmail.com,680713086,BH
NV345,TK47093047,Duong Chinh,7/30E,8/14/1991,h5034@gmail.com,868845632,QL
NV346,TK69733489,Vo Minh,1/62B,8/30/1980,l4247@gmail.com,279387338,QL
NV347,TK48319789,Nguyen Loan,8/60F,8/5/1972,f3310@gmail.com,296553121,QL
NV348,TK37044914,Bui Minh,6/23C,5/13/1991,i9588@gmail.com,444024933,QL
NV349,TK21985562,Đang Linh,8/69C,7/22/1996,i8926@gmail.com,173919757,QT
NV350,TK34963911,Pham Hung,7/78B,6/26/1998,i4823@gmail.com,136073358,QT
NV351,TK75033439,Nguyen Nga,10/15F,3/12/2002,m2292@gmail.com,352559326,QT
NV352,TK84448512,Vo Luan,5/45B,12/16/1971,l2527@gmail.com,693577508,QL
NV353,TK88011812,Vu Bich,6/42F,4/21/1982,l7145@gmail.com,601300796,QL
NV354,TK57813357,Pham Kim,8/87B,10/17/1998,f6906@gmail.com,149708157,NS
NV355,TK22876648,Nguyen Nghi,9/81B,8/16/1980,a5035@gmail.com,408952570,QL
NV356,TK64002916,Vu Quan,7/30E,8/13/1997,n7625@gmail.com,904192933,BH
NV357,TK68411132,Phan An,5/73E,9/11/1974,e9495@gmail.com,655884579,QL
NV358,TK52306218,Nguyen Phuc,3/85E,5/3/1996,a9629@gmail.com,109365948,NS
NV359,TK94913581,Đo My,4/75G,10/17/1990,b6242@gmail.com,306410960,BH
NV360,TK35026212,Ly Luan,4/99E,8/3/1997,h3934@gmail.com,921864980,NS
NV361,TK45286745,Ngo Loan,5/78C,4/15/1970,m6067@gmail.com,476615878,QT
NV362,TK68147417,Hoang Hung,3/11H,10/2/1970,n7563@gmail.com,120682059,QT
NV363,TK12927147,Le Lien,9/47G,4/21/1988,c6821@gmail.com,375223361,QT
NV364,TK34734905,Hoang Phuc,9/31D,7/2/1994,i5474@gmail.com,427992763,QT
NV365,TK53022739,Le Phuong,3/25H,3/23/1985,j3184@gmail.com,808778803,QL
NV366,TK98544572,Vo Hoang,7/66G,5/11/2000,n6894@gmail.com,226954130,QL
NV367,TK19596069,Hoang Nghi,5/84B,8/21/1982,g6571@gmail.com,388084641,BH
NV368,TK27562451,Tran Hoang,1/51H,11/18/1984,c2133@gmail.com,929396897,QL
NV369,TK40107354,Ngo Phuong,8/90F,6/13/1998,l2712@gmail.com,851692537,NS
NV370,TK49209309,Đo Huy,1/71C,5/11/1989,h6534@gmail.com,412452263,NS
NV371,TK24433150,Vu Phuong,9/38E,4/10/1980,f3051@gmail.com,996555586,NS
NV372,TK54401106,Bui Hung,5/28C,11/28/1994,k8558@gmail.com,560896114,QT
NV373,TK45019491,Ho Cam,8/71D,6/16/1976,e3310@gmail.com,117145214,NS
NV374,TK94341646,Le Vu,1/91B,3/30/1987,a9832@gmail.com,315335902,QL
NV375,TK85250492,Phan Diep,2/62C,10/23/1987,i4483@gmail.com,432531796,NS
NV376,TK25731149,Hoang Huy,4/96F,7/28/1983,k3128@gmail.com,875221964,QT
NV377,TK6745918,Ho An,7/47H,4/4/2001,j6376@gmail.com,500878562,BH
NV378,TK18711433,Nguyen Minh,8/84E,10/18/2002,n1358@gmail.com,561879074,NS
NV379,TK92413582,Phan Binh,1/92H,11/6/1982,f4591@gmail.com,612490950,QL
NV380,TK64674239,Le Phuc,5/11F,7/13/1985,f8072@gmail.com,808415427,QT
NV381,TK8106114,Ngo Duyen,3/98H,3/9/1971,c4647@gmail.com,355940252,QT
NV382,TK1501000,Vu Long,1/71A,12/7/1989,j8136@gmail.com,577617785,BH
NV383,TK19560417,Ho Nghi,1/78F,6/25/1974,l7561@gmail.com,779781500,NS
NV384,TK69937202,Ly Long,9/32E,7/27/1998,d1980@gmail.com,546994598,QT
NV385,TK89376341,Tran Linh,7/53B,6/29/1973,h4015@gmail.com,264008824,QL
NV386,TK81431035,Phan Quan,5/95H,6/25/1978,e5070@gmail.com,869598460,QL
NV387,TK95099740,Bui Duyen,3/52H,3/7/1995,g9693@gmail.com,284072275,NS
NV388,TK73527804,Huynh Huy,1/90D,9/4/1982,f7089@gmail.com,806664048,QL
NV389,TK74738940,Huynh Dao,1/37A,7/20/2002,f8465@gmail.com,343190791,NS
NV390,TK42556317,Đo Phuoc,4/67B,6/9/1997,a9770@gmail.com,717103945,QL
NV391,TK72812551,Le Hoa,1/34C,9/9/2001,c5051@gmail.com,496339606,BH
NV392,TK57234097,Đo Hung,3/25C,5/29/1971,b3693@gmail.com,183585132,QL
NV393,TK97290974,Hoang Phuong,3/88H,5/25/1971,e1006@gmail.com,506212345,NS
NV394,TK98949228,Vu Hoang,4/90E,5/1/1993,j6864@gmail.com,123997842,BH
NV395,TK71902347,Pham Dao,6/40F,11/6/2002,k6787@gmail.com,980042980,NS
NV396,TK18239053,Huynh Huy,2/80G,10/1/1979,d5339@gmail.com,548599976,QL
NV397,TK12309494,Phan An,1/40H,10/27/1997,i2258@gmail.com,334205801,NS
NV398,TK95587998,Tran Vu,1/32B,10/26/1970,j5876@gmail.com,718393399,BH
NV399,TK82630861,Vu Binh,2/32G,4/8/1979,d6650@gmail.com,252151512,QL
NV400,TK91995563,Duong Hung,7/12A,12/12/2001,c3047@gmail.com,920669163,BH
NV401,TK85395187,Bui Cam,9/11A,10/16/2001,f1778@gmail.com,395437538,QT
NV402,TK67408713,Ho Quan,1/99F,8/30/1994,f6375@gmail.com,563040910,QL
NV403,TK51195084,Đo An,1/87A,11/21/1973,a9511@gmail.com,929058585,NS
NV404,TK96371734,Đang Quan,6/18E,11/15/1974,i6629@gmail.com,624813345,QL
NV405,TK19141232,Ngo Cam,4/84C,9/4/1992,e2690@gmail.com,247000244,BH
NV406,TK13779008,Ngo Phuoc,6/19B,9/4/1997,g6379@gmail.com,887136737,BH
NV407,TK80206848,Nguyen Chinh,7/86C,11/23/1985,m9369@gmail.com,705708367,QL
NV408,TK26543029,Nguyen Hoang,2/59D,7/11/1990,h2959@gmail.com,551695101,QL
NV409,TK62961857,Tran Cat,9/83F,4/17/1975,d8077@gmail.com,845080623,NS
NV410,TK98763116,Đang Vu,8/12A,3/27/1994,d6173@gmail.com,567847828,NS
NV411,TK96376153,Nguyen Cam,7/38B,7/15/1989,n8960@gmail.com,195097781,NS
NV412,TK47642637,Vu Luan,3/68H,3/27/2000,m1811@gmail.com,690767541,QL
NV413,TK19742224,Bui Binh,2/81E,12/11/1997,j4783@gmail.com,419909339,NS
NV414,TK97746161,Hoang Long,9/26F,8/19/1979,h6200@gmail.com,898421290,QL
NV415,TK89046133,Ly Han,1/69F,12/13/1986,c5931@gmail.com,965227193,QT
NV416,TK12444539,Vo Danh,10/70B,12/6/1993,h3729@gmail.com,728492869,BH
NV417,TK98275545,Pham Chau,7/41A,6/4/1979,a7561@gmail.com,706005111,NS
NV418,TK81566903,Le Minh,1/43H,12/17/1975,d3235@gmail.com,600213763,QT
NV419,TK93468615,Duong Chau,9/86H,5/29/1970,m7135@gmail.com,793596837,NS
NV420,TK9507010,Huynh Phuc,2/52D,8/29/1982,c2559@gmail.com,887980997,BH
NV421,TK57190221,Pham Chinh,8/92A,10/25/1974,a8360@gmail.com,452627179,QT
NV422,TK72600894,Pham Hung,4/92E,5/26/1997,n3294@gmail.com,176085429,QT
NV423,TK76927654,Tran Chi,10/85D,12/8/2002,d9846@gmail.com,300189992,BH
NV424,TK58932424,Bui Hieu,5/53B,8/12/1994,m4207@gmail.com,787271925,NS
NV425,TK18236370,Pham Cuc,4/69A,3/19/1978,h7029@gmail.com,878122325,QL
NV426,TK11655148,Nguyen Minh,9/48C,7/26/2000,d3671@gmail.com,595889366,QL
NV427,TK14319323,Ho Loan,5/14D,5/16/1978,g2729@gmail.com,568805448,BH
NV428,TK4663771,Tran Danh,3/66F,6/1/1988,n2056@gmail.com,857007645,QL
NV429,TK48428702,Vu Diep,7/96B,12/4/2001,b7415@gmail.com,679893546,BH
NV430,TK10062664,Hoang Long,9/13G,3/2/1975,j4256@gmail.com,633713935,NS
NV431,TK77708114,Nguyen Nguyet,2/80D,12/20/2000,d5097@gmail.com,545779884,BH
NV432,TK41893833,Tran Hieu,10/30C,9/20/1977,j1039@gmail.com,941838165,NS
NV433,TK35800634,Ly Dao,7/40B,11/5/2002,g9405@gmail.com,791180113,QT
NV434,TK1878638,Vo Kim,9/14D,6/15/1984,h8515@gmail.com,932896909,QL
NV435,TK80625405,Le Phuong,5/45E,5/13/1981,f3262@gmail.com,202790539,QT
NV436,TK9872788,Bui Huy,5/47F,9/1/1981,b4765@gmail.com,668569536,NS
NV437,TK10034336,Bui Diep,10/81H,3/8/2000,e8992@gmail.com,937172642,QL
NV438,TK47609367,Ly Luan,10/69D,9/3/1976,g8152@gmail.com,101594944,BH
NV439,TK89236120,Đo Loan,8/52B,10/16/1996,m4828@gmail.com,310455707,NS
NV440,TK73331721,Đang Long,3/15C,9/21/1996,j3424@gmail.com,892467901,QL
NV441,TK44976590,Hoang Chau,6/43D,4/11/1979,b8514@gmail.com,226974161,BH
NV442,TK63335046,Nguyen Dien,3/28A,3/15/1973,n1435@gmail.com,148283986,BH
NV443,TK57170599,Ly Nga,3/66D,7/7/1988,e5546@gmail.com,770828097,NS
NV444,TK42089532,Ngo Minh,10/87C,3/19/1998,j2458@gmail.com,265154844,BH
NV445,TK36889913,Vu Chinh,10/13C,4/8/1972,d2042@gmail.com,487864347,QT
NV446,TK67559145,Đo Kim,5/59B,3/20/1979,i1300@gmail.com,388718943,BH
NV447,TK83067952,Hoang My,5/72D,8/21/1973,k6956@gmail.com,815943894,QL
NV448,TK57165161,Đo Kim,9/81G,5/23/1978,c5683@gmail.com,975838675,BH
NV449,TK93671983,Vo Phuong,8/93E,3/22/1992,g8677@gmail.com,225175140,NS
NV450,TK14811458,Hoang Hung,1/14D,3/8/1978,c9674@gmail.com,325201612,BH
NV451,TK85085816,,6/57F,4/11/1973,f2571@gmail.com,831997644,BH
NV452,TK2776493,,9/58G,3/7/1973,g1439@gmail.com,502899141,QL
NV453,TK8822364,,4/40H,4/25/1981,b8824@gmail.com,407665275,QT
NV454,TK90859120,,10/89D,10/27/1987,k2616@gmail.com,171138311,QT
NV455,TK16790843,,10/73E,10/29/2002,c7222@gmail.com,183717691,NS
NV456,TK74183093,,9/38C,10/10/1972,i7759@gmail.com,720688124,QL
NV457,TK85065984,,5/21G,3/23/1986,g2613@gmail.com,542120721,BH
NV458,TK30545296,,1/48F,7/22/1981,f6470@gmail.com,932809961,BH
NV459,TK62717670,,2/22A,3/26/1997,a8378@gmail.com,535526834,NS
NV460,TK12312061,,1/86D,5/1/1983,l8073@gmail.com,244367631,BH
NV461,TK6273605,,8/91B,11/5/1999,a5031@gmail.com,562620187,BH
NV462,TK90531114,,8/29A,9/23/1972,d8981@gmail.com,422217366,BH
NV463,TK73640212,,10/76F,11/29/1973,e1228@gmail.com,826797274,QL
NV464,TK19851235,,4/95H,6/4/1977,f5447@gmail.com,954683459,NS
NV465,TK81953003,,8/17C,12/12/1979,e7187@gmail.com,535270294,NS
NV466,TK44944908,,1/17E,10/9/1979,l5878@gmail.com,450340357,BH
NV467,TK95179399,,10/67B,6/4/1997,h8634@gmail.com,603904977,BH
NV468,TK34205685,,3/17D,3/17/1978,f8933@gmail.com,977898163,QT
NV469,TK14671426,,3/39H,9/8/1992,g5912@gmail.com,824694106,QL
NV470,TK58315363,,8/33B,8/11/1972,j4970@gmail.com,105527801,NS
NV471,TK94133636,,5/60E,9/5/1988,n1725@gmail.com,362475278,QT
NV472,TK41784880,,10/27F,5/21/1983,a8605@gmail.com,152037269,QT
NV473,TK92502413,,9/73A,12/21/1997,a7407@gmail.com,643833160,QT
NV474,TK20340373,,10/68A,3/2/1987,f1141@gmail.com,254759994,BH
NV475,TK65124006,,9/51B,12/13/2000,h5208@gmail.com,606006139,NS
NV476,TK1364558,,3/48E,8/19/1992,c6788@gmail.com,833464561,QL
NV477,TK18749349,,6/61A,11/4/1980,h7549@gmail.com,721279027,NS
NV478,TK85603703,,6/11D,11/29/1986,k1113@gmail.com,333159271,NS
NV479,TK33078249,,10/77H,9/2/1999,m3399@gmail.com,770273587,QL
NV480,TK15482070,,3/86C,10/20/1970,l8863@gmail.com,154507798,BH
NV481,TK67413031,,10/16D,5/6/1978,h7714@gmail.com,442743258,QL
NV482,TK6997820,,5/88G,7/1/1995,m6456@gmail.com,126776090,NS
NV483,TK66373675,,2/22E,4/16/1974,d5432@gmail.com,347239746,BH
NV484,TK97116947,,3/46F,5/25/1997,e5084@gmail.com,604076295,BH
NV485,TK10044077,,1/47F,10/18/1984,e1026@gmail.com,101965835,BH
NV486,TK14785508,,10/24B,3/4/1979,a2360@gmail.com,494777431,QL
NV487,TK18760265,,3/47D,3/3/1974,c6224@gmail.com,479118175,QL
NV488,TK27252940,,6/30E,8/2/2002,d4387@gmail.com,702588675,BH
NV489,TK80637077,,4/98B,10/24/1987,k9211@gmail.com,619718903,BH
NV490,TK17981107,,3/67D,3/28/2000,e8910@gmail.com,366324079,BH
NV491,TK3044024,,7/63B,8/1/1970,e5387@gmail.com,924744637,NS
NV492,TK77360971,,3/23A,8/18/2000,e3695@gmail.com,641547205,BH
NV493,TK41545308,,2/27E,5/2/1973,a7164@gmail.com,146817839,BH
NV494,TK28548007,,4/60E,5/13/1992,g5694@gmail.com,548650136,QT
NV495,TK29218803,,2/19H,9/11/1998,c9795@gmail.com,322278212,BH
NV496,TK52689581,,8/53B,5/19/1983,g5688@gmail.com,964689664,QT
NV497,TK56511388,,7/39H,9/11/1974,a1437@gmail.com,800244122,BH
NV498,TK458625,,3/21A,12/3/1995,h3383@gmail.com,562209875,BH
NV499,TK20177724,,9/16F,4/19/2000,j7712@gmail.com,915124996,QL
NV500,TK31518158,,5/78D,11/3/1991,c1402@gmail.com,811255429,BH
