TaiKhoan,MatKhau,NgayLapTK,TrangThai,LoaiTK
TK37969581,5173857235,10/19/2021,1,NV
TK37553246,4345433518,12/24/2021,1,KH
TK99409955,9303570502,5/14/2021,1,KH
TK39843428,8322347310,11/18/2021,1,NV
TK45086480,8065052470,10/25/2021,1,NV
TK14475850,7721458928,4/12/2021,1,NV
TK99363062,5271282942,2/21/2021,1,NV
TK64862399,1556452207,1/20/2021,1,NV
TK83914379,2625696155,11/12/2021,1,KH
TK70557404,9649250698,9/25/2021,1,NV
TK89797097,1617782467,9/17/2021,1,KH
TK41061272,4526344158,2/10/2021,1,KH
TK708026,5519495536,9/14/2021,1,KH
TK93613053,8392765463,6/11/2021,1,KH
TK29320691,8385147301,11/12/2021,1,KH
TK50488708,3768760269,12/20/2021,1,NV
TK37716009,7350800836,12/25/2021,1,KH
TK97060060,8445733427,6/22/2021,1,KH
TK29268171,7311772177,9/27/2021,1,KH
TK90772467,9219206735,11/19/2021,1,NV
TK52589763,2966784193,9/11/2021,1,NV
TK22228494,3457988037,3/17/2021,1,NV
TK40795150,7865300064,4/10/2021,1,NV
TK17481132,9201855251,1/11/2021,1,NV
TK56392112,6827657608,4/24/2021,1,NV
TK30877196,8434138955,6/20/2021,1,NV
TK90130241,3821991455,7/16/2021,1,KH
TK91183350,2021883768,6/12/2021,1,NV
TK47958371,8059722260,8/11/2021,1,NV
TK15384200,1130917000,10/21/2021,1,NV
TK48329121,7048178279,11/14/2021,1,NV
TK65462934,5948896734,8/20/2021,1,NV
TK63582767,7843333701,11/19/2021,1,NV
TK98565546,6867318651,7/10/2021,1,NV
TK58023342,4694743360,1/12/2021,1,KH
TK81406250,5742941685,2/12/2021,1,NV
TK33253058,9386657489,2/15/2021,1,KH
TK21476782,9299484713,5/28/2021,1,KH
TK77122684,9953734405,1/18/2021,1,NV
TK9447697,5111279789,9/13/2021,1,NV
TK7149870,9236404666,5/23/2021,1,NV
TK74961677,6047164659,10/21/2021,1,NV
TK55304578,6973428499,7/22/2021,1,KH
TK83033428,3060217486,9/20/2021,1,NV
TK72675910,8500771832,5/17/2021,1,KH
TK34283053,9163441295,10/16/2021,1,KH
TK81568141,7180050981,5/12/2021,1,KH
TK27480189,5070076365,4/11/2021,1,KH
TK17816849,8033904164,11/19/2021,1,NV
TK20137932,5429886703,7/25/2021,1,NV
TK7036004,7106247398,4/10/2021,1,KH
TK78157200,4915546965,7/17/2021,1,NV
TK71930852,5780385576,5/18/2021,1,NV
TK76885116,1525441858,3/12/2021,1,KH
TK17941419,1015519040,2/20/2021,1,NV
TK77614309,5575215679,3/24/2021,1,KH
TK13901401,9237855200,7/25/2021,1,KH
TK60189495,8520665688,10/26/2021,1,NV
TK65398226,3214733435,4/18/2021,1,NV
TK86656170,1837238805,10/18/2021,1,KH
TK12263424,1610199717,5/12/2021,1,KH
TK73096876,9962825835,11/13/2021,1,NV
TK26299025,8385071764,1/23/2021,1,NV
TK25666824,5434180131,3/27/2021,1,KH
TK26619259,4878316832,3/22/2021,1,NV
TK89075342,5903986410,4/14/2021,1,KH
TK53358506,3553898084,7/19/2021,1,NV
TK87170441,5155313205,6/15/2021,1,KH
TK6152370,3079602958,4/21/2021,1,NV
TK53472588,5515966598,7/26/2021,1,KH
TK60606851,7131781044,3/24/2021,1,KH
TK58296102,7885782185,10/26/2021,1,NV
TK33699254,3986559919,11/13/2021,1,KH
TK72243862,5490037220,4/16/2021,1,KH
TK36746087,1426155510,12/20/2021,1,KH
TK39954044,4765269864,11/20/2021,1,KH
TK34119286,2900385328,11/21/2021,1,KH
TK13482954,5757726980,2/22/2021,1,KH
TK53075676,8602760891,12/21/2021,1,KH
TK52434833,7688698760,12/13/2021,1,NV
TK86419424,3965350835,4/16/2021,1,KH
TK30270574,4047586166,5/24/2021,1,KH
TK33050536,8928679603,5/15/2021,1,KH
TK35721883,7110921934,6/23/2021,1,KH
TK96480494,9964870281,5/15/2021,1,KH
TK94533991,4169327159,7/22/2021,1,KH
TK51760485,2773507167,11/11/2021,1,NV
TK38198686,6274273968,12/20/2021,1,NV
TK28129240,7326107536,1/12/2021,1,KH
TK40660636,9370190142,9/26/2021,1,KH
TK87893984,6363083567,9/26/2021,1,KH
TK10803714,7075204588,12/21/2021,1,NV
TK81387624,6486091283,9/28/2021,1,KH
TK25433907,5453474669,7/25/2021,1,NV
TK14880510,3343087573,4/13/2021,1,KH
TK46415503,5731658117,11/21/2021,1,NV
TK69456432,7851606160,2/20/2021,1,NV
TK10820156,1593775394,10/17/2021,1,KH
TK45385985,8348814750,11/15/2021,1,KH
TK95096652,5215509987,10/14/2021,1,NV
TK38019181,6823966232,2/16/2021,1,NV
TK66476837,2734030041,9/15/2021,1,NV
TK26402508,4985680483,2/13/2021,1,KH
TK10597948,4064506341,8/22/2021,1,KH
TK18551752,2623300264,11/18/2021,1,NV
TK79198938,3027664318,1/12/2021,1,NV
TK55175977,2925306070,8/16/2021,1,NV
TK28851700,6328774076,11/12/2021,1,KH
TK85019108,5160850570,9/15/2021,1,NV
TK54679200,9915638306,4/14/2021,1,KH
TK52635770,7332955298,1/27/2021,1,KH
TK6266181,2897139261,11/19/2021,1,KH
TK97240821,7218146710,2/28/2021,1,NV
TK69010653,8756023985,11/19/2021,1,KH
TK37990194,6168149319,8/11/2021,1,KH
TK94640249,6687419175,3/18/2021,1,NV
TK43811604,7133130652,7/13/2021,1,KH
TK98816189,8179144415,10/18/2021,1,KH
TK23816583,8982288052,6/20/2021,1,NV
TK59816222,9366114172,10/12/2021,1,KH
TK76681744,3034102653,5/18/2021,1,NV
TK51285916,6048720106,6/17/2021,1,KH
TK31886022,9875454733,12/28/2021,1,KH
TK11220543,7148078481,6/11/2021,1,KH
TK96259909,3931219864,8/20/2021,1,KH
TK8338880,4377012741,8/28/2021,1,KH
TK74646061,3808715522,3/20/2021,1,KH
TK98278192,4344876203,10/20/2021,1,KH
TK96239100,6346025199,8/25/2021,1,NV
TK43714858,1948288153,11/25/2021,1,NV
TK28766074,2096341653,9/13/2021,1,KH
TK94913112,5517493661,7/15/2021,1,KH
TK76486778,4420852969,10/17/2021,1,KH
TK86841967,8664202228,8/20/2021,1,NV
TK86922123,3470932382,5/20/2021,1,NV
TK44460959,3755590032,8/25/2021,1,NV
TK47822100,8098468567,6/11/2021,1,NV
TK65989491,6893197982,4/26/2021,1,KH
TK87624421,4123984872,9/15/2021,1,KH
TK70553914,3352557929,3/26/2021,1,NV
TK28438775,1183512950,12/24/2021,1,KH
TK89346647,9822343074,8/27/2021,1,KH
TK2486082,6468551685,8/11/2021,1,KH
TK55525587,4396240951,8/15/2021,1,NV
TK23915841,4540709689,12/15/2021,1,KH
TK41260693,3141893196,5/14/2021,1,KH
TK20073268,6155220591,7/28/2021,1,NV
TK50797859,9356028313,5/20/2021,1,KH
TK90546905,4374442568,11/20/2021,1,NV
TK15722663,6601339313,12/11/2021,1,KH
TK23220370,3857322491,6/27/2021,1,KH
TK63026239,8749571267,6/28/2021,1,KH
TK40429417,2639604124,4/16/2021,1,KH
TK26292633,6774653728,1/10/2021,1,NV
TK48106502,8378773053,5/25/2021,1,NV
TK16342861,9198617837,7/12/2021,1,NV
TK50815132,2122979201,2/14/2021,1,NV
TK65339783,4433532289,1/19/2021,1,KH
TK66343275,5980791770,7/10/2021,1,KH
TK97752885,5090213390,6/12/2021,1,KH
TK5973387,2681942673,12/15/2021,1,KH
TK62217366,9452624628,2/16/2021,1,NV
TK74867290,5466860883,11/15/2021,1,NV
TK52227059,9435064844,8/28/2021,1,KH
TK15110458,7591865075,1/21/2021,1,NV
TK64879079,6704073163,10/27/2021,1,KH
TK90126364,5813487991,9/11/2021,1,KH
TK84953235,5010325985,6/20/2021,1,NV
TK31702935,6577210273,12/28/2021,1,KH
TK40579337,9068816396,2/26/2021,1,NV
TK14281347,1993267843,11/17/2021,1,NV
TK92269306,9375052946,11/16/2021,1,NV
TK45430280,1072260287,1/18/2021,1,NV
TK81037804,3361623571,5/14/2021,1,KH
TK91772424,5365639202,2/25/2021,1,KH
TK7025400,7082092821,3/15/2021,1,NV
TK50492822,6476569308,3/19/2021,1,KH
TK61653833,1503413362,1/22/2021,1,KH
TK60033754,4906096470,10/19/2021,1,NV
TK55486984,5296311963,6/16/2021,1,KH
TK96366027,4799856303,2/16/2021,1,NV
TK17367299,2613068643,3/10/2021,1,NV
TK26231417,8353786744,1/15/2021,1,KH
TK7250746,2242550541,9/27/2021,1,KH
TK92654416,2188495897,1/11/2021,1,NV
TK54883596,1066911006,9/13/2021,1,NV
TK97488654,6258339363,5/19/2021,1,NV
TK93883669,5197145688,11/10/2021,1,NV
TK96223209,3318882504,12/18/2021,1,KH
TK20313964,9769044205,10/10/2021,1,KH
TK39437076,1349677740,11/28/2021,1,NV
TK98921685,6394713665,8/25/2021,1,KH
TK48122082,1914058902,1/18/2021,1,NV
TK59001214,3117862393,2/11/2021,1,KH
TK67039409,3714977846,5/10/2021,1,KH
TK9786720,6428544737,11/28/2021,1,KH
TK11068021,1440418885,10/20/2021,1,KH
TK45576548,1340561262,11/19/2021,1,NV
TK4145203,8000240612,3/12/2021,1,KH
TK12786044,8370157682,8/23/2021,1,NV
TK66053115,5006645023,3/18/2021,1,NV
TK20996676,4072310806,10/21/2021,1,KH
TK20146718,5071053042,10/16/2021,1,KH
TK59456966,3276905184,5/28/2021,1,KH
TK50011782,5043690627,5/14/2021,1,KH
TK66095830,8178144472,12/16/2021,1,NV
TK5442388,4843433060,3/15/2021,1,KH
TK30738293,5109684214,4/24/2021,1,KH
TK51726568,5942536428,8/27/2021,1,NV
TK63899045,2621010021,3/24/2021,1,NV
TK96404189,7430185305,4/10/2021,1,NV
TK90392270,8557825848,10/23/2021,1,NV
TK2525018,9070468128,4/27/2021,1,KH
TK50459943,9276844164,4/25/2021,1,KH
TK94460765,4685578819,7/13/2021,1,KH
TK76790491,2921750805,5/13/2021,1,KH
TK46897476,8888297230,8/19/2021,1,NV
TK67937973,8857022540,3/16/2021,1,NV
TK57089105,3841175276,12/16/2021,1,NV
TK39657555,5260612301,12/22/2021,1,NV
TK47466519,8104930243,8/26/2021,1,KH
TK55272628,7726727032,3/26/2021,1,KH
TK32241403,5105739986,10/24/2021,1,NV
TK97035041,3860872153,10/12/2021,1,KH
TK7585858,9265987962,7/13/2021,1,NV
TK52311823,1801860629,8/18/2021,1,KH
TK32619819,1218792235,5/19/2021,1,NV
TK9944559,3241590279,3/14/2021,1,NV
TK59219153,2705716913,8/24/2021,1,KH
TK47887884,8738581335,9/12/2021,1,NV
TK29389284,3700414576,7/11/2021,1,NV
TK45788297,6010759997,12/17/2021,1,KH
TK53367342,2713359317,7/24/2021,1,NV
TK73740829,8121274236,12/16/2021,1,NV
TK98137157,8511495569,11/19/2021,1,KH
TK30319479,3938959349,10/13/2021,1,NV
TK80500395,1947581798,7/15/2021,1,NV
TK86113448,4659342473,9/17/2021,1,KH
TK13103391,1694512864,6/27/2021,1,KH
TK34777301,4791251801,12/27/2021,1,KH
TK63205755,4150080931,12/12/2021,1,NV
TK23188329,1604462139,9/10/2021,1,NV
TK13610274,7218005269,3/16/2021,1,KH
TK93244769,6812556089,6/20/2021,1,NV
TK11562115,7275105450,8/26/2021,1,NV
TK33097894,4531287486,12/24/2021,1,KH
TK2474493,3414451001,4/20/2021,1,NV
TK52889746,5587483662,12/22/2021,1,KH
TK92360139,1710442465,3/28/2021,1,KH
TK52024594,9206973538,7/27/2021,1,KH
TK86687315,3670037780,1/23/2021,1,NV
TK13092889,7103392929,9/16/2021,1,KH
TK79864759,2150035150,4/27/2021,1,KH
TK75662483,3230131389,3/21/2021,1,KH
TK53679804,8905932725,5/10/2021,1,NV
TK79877323,4566302451,1/10/2021,1,KH
TK22672355,2373876364,7/10/2021,1,KH
TK29661193,6715253917,12/28/2021,1,KH
TK81222534,9035291926,8/23/2021,1,KH
TK54858579,4172780059,12/25/2021,1,KH
TK83122337,6981704560,10/27/2021,1,NV
TK48498679,3842971001,9/13/2021,1,NV
TK65915162,7327008608,8/22/2021,1,KH
TK65420042,9838441524,6/20/2021,1,KH
TK19377896,5936565461,2/13/2021,1,KH
TK95401684,8488220685,3/24/2021,1,KH
TK38333080,5204906281,2/10/2021,1,KH
TK33728431,8122297634,8/10/2021,1,NV
TK46834916,9590972046,7/27/2021,1,NV
TK71494101,2541920117,6/14/2021,1,KH
TK5063903,6986489795,5/14/2021,1,KH
TK12747225,6977041100,4/21/2021,1,KH
TK6504685,2929676788,4/17/2021,1,NV
TK76634279,6104795046,12/11/2021,1,KH
TK74658491,4338647084,12/25/2021,1,KH
TK17783720,9559542787,5/13/2021,1,NV
TK91755021,5647465858,1/11/2021,1,KH
TK48752167,6676341901,5/26/2021,1,KH
TK53650462,9336530090,11/22/2021,1,NV
TK35710031,8964870629,2/24/2021,1,KH
TK25494978,1632706258,2/11/2021,1,NV
TK25284506,3506988181,3/20/2021,1,NV
TK74887441,1146139905,12/22/2021,1,KH
TK88117115,3250874829,9/11/2021,1,NV
TK44591660,9613633979,2/14/2021,1,KH
TK99132796,4085005658,9/28/2021,1,KH
TK57779740,2318434521,3/24/2021,1,NV
TK30460748,4390008853,8/27/2021,1,KH
TK15905735,9297265570,10/25/2021,1,KH
TK19441368,3057338209,1/18/2021,1,NV
TK70879808,7146884077,11/24/2021,1,NV
TK31141560,6589834649,4/22/2021,1,KH
TK20333500,3490101025,4/26/2021,1,KH
TK46284857,2288642456,6/19/2021,1,KH
TK12868693,6560745117,12/24/2021,1,KH
TK84349443,6704465256,7/21/2021,1,NV
TK40827657,4964667168,9/17/2021,1,KH
TK71953856,6890472153,10/11/2021,1,NV
TK72487271,6938214065,7/28/2021,1,NV
TK36669556,8157515990,4/23/2021,1,NV
TK67686468,6734703423,11/25/2021,1,KH
TK49351990,3137689801,1/12/2021,1,KH
TK28904529,9202149998,6/10/2021,1,KH
TK46073618,2262329045,9/27/2021,1,NV
TK29671653,9026789045,2/23/2021,1,KH
TK9615166,3421069058,8/28/2021,1,NV
TK18936800,1660804034,10/22/2021,1,NV
TK77135987,9629884149,11/26/2021,1,NV
TK47891866,3844389179,9/15/2021,1,NV
TK22160867,8751532091,11/21/2021,1,KH
TK40996051,8058114011,12/12/2021,1,NV
TK3088764,5342854268,7/19/2021,1,KH
TK34954508,2497431991,10/26/2021,1,KH
TK97532439,6171593753,6/26/2021,1,NV
TK36706373,1845381004,6/18/2021,1,NV
TK76021084,8021812483,11/21/2021,1,KH
TK17707093,2171949933,9/26/2021,1,NV
TK64979970,6005620006,6/25/2021,1,KH
TK86662431,3436740497,12/13/2021,1,KH
TK60758760,4586600985,6/25/2021,1,KH
TK77094746,7947060571,2/11/2021,1,KH
TK22879297,4016109163,5/10/2021,1,KH
TK81839672,8671469332,10/18/2021,1,KH
TK40055989,6160312899,10/22/2021,1,NV
TK77645841,3338415036,6/25/2021,1,KH
TK32788738,3576142533,10/23/2021,1,KH
TK83778664,9820984269,8/22/2021,1,NV
TK23631863,9401842675,12/18/2021,1,KH
TK17357829,9758281477,7/12/2021,1,KH
TK53073922,5748380226,12/24/2021,1,KH
TK8302729,6856370496,1/17/2021,1,NV
TK79431913,4973716720,7/17/2021,1,KH
TK63831489,4682244161,7/22/2021,1,KH
TK77915149,7458946941,9/12/2021,1,KH
TK58272069,6826213169,7/10/2021,1,KH
TK57306631,1695106645,5/20/2021,1,KH
TK35528066,9528448894,4/13/2021,1,KH
TK52881551,9495486500,3/11/2021,1,NV
TK65414446,4857763012,11/11/2021,1,NV
TK52336236,8860394156,6/28/2021,1,KH
TK4316182,4288736026,9/22/2021,1,KH
TK72434405,8257191213,2/17/2021,1,NV
TK99952201,6333477659,2/19/2021,1,NV
TK24811109,5045096185,7/13/2021,1,KH
TK34476235,9459415594,1/26/2021,1,NV
TK72359724,9205921645,2/24/2021,1,NV
TK76377368,5205665488,12/15/2021,1,NV
TK78369022,7270041724,4/19/2021,1,NV
TK71148152,7714625886,6/28/2021,1,NV
TK20584839,7698462610,4/13/2021,1,NV
TK62507071,4599243938,8/25/2021,1,KH
TK75919632,7610787208,5/23/2021,1,NV
TK6078841,5137587721,9/23/2021,1,KH
TK52476165,9419584462,3/18/2021,1,KH
TK74767342,6103475571,12/23/2021,1,KH
TK21655897,8790181209,1/27/2021,1,NV
TK46540940,9889122676,7/10/2021,1,NV
TK26132230,5544094230,5/25/2021,1,NV
TK99968472,7265156503,1/21/2021,1,KH
TK289122,2715716539,11/22/2021,1,KH
TK8071655,2207805944,2/14/2021,1,NV
TK81298569,7161303443,6/23/2021,1,KH
TK69104438,8882162120,9/14/2021,1,NV
TK77159427,4690725407,1/27/2021,1,NV
TK33197463,7999702906,10/22/2021,1,KH
TK95879505,1931251976,9/28/2021,1,NV
TK61304185,1416718329,1/22/2021,1,KH
TK81564291,5915825802,7/10/2021,1,KH
TK38441326,2618960154,8/10/2021,1,NV
TK71875081,7459924945,4/26/2021,1,KH
TK28106810,3730675851,8/16/2021,1,KH
TK76854202,6430774371,9/13/2021,1,NV
TK16713005,3442037276,3/21/2021,1,KH
TK36312418,2891210181,9/21/2021,1,NV
TK62760130,5273604722,6/23/2021,1,KH
TK77818480,9261252453,11/18/2021,1,KH
TK4537777,6837148379,4/24/2021,1,KH
TK46370795,8496932006,6/22/2021,1,NV
TK44088308,4597113178,3/27/2021,1,KH
TK12647107,5132771812,1/20/2021,1,NV
TK71917640,2512584449,7/26/2021,1,KH
TK30307456,3408856668,8/19/2021,1,KH
TK98305561,4073290415,1/12/2021,1,KH
TK82954429,5128496293,3/20/2021,1,NV
TK595928,8312750955,5/27/2021,1,NV
TK82802177,3285638554,2/28/2021,1,KH
TK1215005,8727885683,7/13/2021,1,KH
TK64527043,4541552283,11/27/2021,1,NV
TK26609038,9539014367,6/23/2021,1,KH
TK22961726,4553286815,5/13/2021,1,KH
TK5141363,5656100287,1/13/2021,1,KH
TK85798189,2250791320,4/26/2021,1,KH
TK5251921,9811603526,12/15/2021,1,NV
TK91139828,2024745977,4/26/2021,1,NV
TK55033394,4390083972,2/27/2021,1,NV
TK60197331,2682102647,11/18/2021,1,NV
TK83976931,9269467508,2/12/2021,1,KH
TK16580209,4830961998,9/24/2021,1,NV
TK92078445,8281339864,11/14/2021,1,KH
TK26923617,6261466899,8/15/2021,1,KH
TK28015439,7893163146,3/16/2021,1,NV
TK73863773,7928930662,10/27/2021,1,NV
TK52835650,6916954939,2/12/2021,1,NV
TK89425675,1790630419,3/10/2021,1,KH
TK30673329,1042058210,2/24/2021,1,KH
TK43221004,3422939889,1/19/2021,1,KH
TK14743417,9421738032,10/10/2021,1,KH
TK60270503,9262757521,12/17/2021,1,KH
TK90374436,6477856726,2/10/2021,1,KH
TK5859109,8535780597,10/26/2021,1,KH
TK84266008,3490135651,5/25/2021,1,KH
TK36149512,3922103515,1/25/2021,1,KH
TK80162108,2287922146,2/16/2021,1,KH
TK30463721,6517700517,8/24/2021,1,NV
TK21269215,3344910335,2/21/2021,1,NV
TK29419958,4789633999,12/20/2021,1,KH
TK92479776,2907575717,1/23/2021,1,NV
TK33362494,3583397711,6/20/2021,1,KH
TK50531167,5665019209,4/20/2021,1,NV
TK11412580,6831045782,12/20/2021,1,NV
TK35447118,3850402896,1/20/2021,1,NV
TK68128345,7666719914,9/13/2021,1,KH
TK31283439,6541026672,7/27/2021,1,NV
TK22118489,8996057458,5/22/2021,1,KH
TK91777711,1280522583,2/26/2021,1,NV
TK75595364,9417208423,8/16/2021,1,KH
TK32993265,8709304684,3/11/2021,1,KH
TK67530950,4609514627,4/13/2021,1,NV
TK19398546,9059088736,1/24/2021,1,NV
TK99192833,9905650694,12/20/2021,1,KH
TK88184926,6586166016,4/19/2021,1,KH
TK54838478,4161171156,10/13/2021,1,NV
TK92857719,3143198842,9/14/2021,1,NV
TK53160584,2821436369,11/25/2021,1,NV
TK29449927,9082661388,8/20/2021,1,NV
TK82945972,8023300966,7/12/2021,1,NV
TK54864764,8886643589,2/15/2021,1,KH
TK29266023,6921477416,2/16/2021,1,NV
TK22370687,7934977078,1/20/2021,1,NV
TK97000481,8673102131,11/10/2021,1,NV
TK77516583,4260046137,9/16/2021,1,NV
TK93435612,4182512607,11/12/2021,1,NV
TK23493037,6324480128,10/11/2021,1,KH
TK24009986,6622575998,9/18/2021,1,NV
TK58592161,5295457350,7/25/2021,1,KH
TK73627094,2148365730,6/15/2021,1,KH
TK51805450,4067996419,11/23/2021,1,NV
TK69188998,5536271388,4/15/2021,1,KH
TK43520090,5173159069,5/11/2021,1,KH
TK41237799,9691592895,9/13/2021,1,KH
TK39135304,6920315265,11/21/2021,1,NV
TK11550193,8895464368,2/16/2021,1,NV
TK95992702,2255207761,12/14/2021,1,NV
TK43750552,9390910573,9/16/2021,1,NV
TK82812602,5853183455,7/12/2021,1,NV
TK8212052,1902554609,5/27/2021,1,NV
TK61625300,5436907534,11/22/2021,1,KH
TK84306853,5204520144,4/18/2021,1,KH
TK43200838,4222189655,9/20/2021,1,NV
TK32351075,6531082756,11/14/2021,1,KH
TK35301414,9754679831,2/12/2021,1,KH
TK65813717,5761777269,11/19/2021,1,KH
TK95631659,2718228238,3/15/2021,1,NV
TK8852891,6365496007,12/16/2021,1,KH
TK79736408,3842192399,12/26/2021,1,NV
TK5537190,3560520220,5/16/2021,1,KH
TK34516026,2731685723,3/12/2021,1,NV
TK22949342,1832030532,1/10/2021,1,NV
TK14575892,3067656120,3/26/2021,1,NV
TK96977977,5489423027,8/27/2021,1,KH
TK99268015,8186063397,5/10/2021,1,NV
TK35136801,7814838327,5/23/2021,1,NV
TK64380038,9407066561,5/14/2021,1,NV
TK47233577,1245671761,1/28/2021,1,NV
TK18630207,8366657692,8/20/2021,1,NV
TK48484078,5167481395,1/12/2021,1,KH
TK73921171,9114816174,9/20/2021,1,KH
TK82230039,6847913455,5/24/2021,1,KH
TK13039724,2833791119,12/11/2021,1,KH
TK35841800,8517136778,9/18/2021,1,NV
TK86099954,7786819491,5/23/2021,1,KH
TK31081420,8672308561,9/10/2021,1,NV
TK1100623,9242856706,8/10/2021,1,KH
TK89646338,1676970266,4/11/2021,1,KH
TK38938436,3365438197,8/10/2021,1,NV
TK72347534,4499075351,3/11/2021,1,KH
TK19627269,1080085383,8/24/2021,1,KH
TK35928731,8494167441,12/16/2021,1,KH
TK10380890,1863824188,5/22/2021,1,NV
TK93592377,4158667155,6/11/2021,1,NV
TK49069112,4473508934,4/10/2021,1,KH
TK54944072,9114050129,2/13/2021,1,NV
TK15315240,9818922870,4/24/2021,1,KH
TK36153006,1580506366,11/28/2021,1,NV
TK32852721,3370692154,8/26/2021,1,KH
TK2245193,1552842581,3/15/2021,1,KH
TK1258119,6152386111,8/25/2021,1,KH
TK85877633,9580079719,3/17/2021,1,KH
TK58425229,9922455059,3/24/2021,1,KH
TK49577922,3018211668,12/28/2021,1,NV
TK72603344,9823776102,11/21/2021,1,KH
TK16490350,2986157876,8/14/2021,1,KH
TK24354770,6909226936,5/27/2021,1,NV
TK98676106,5413108720,9/21/2021,1,NV
TK27462199,7858040081,4/28/2021,1,NV
TK15781989,5817773201,5/15/2021,1,KH
TK5462951,5166834046,10/20/2021,1,NV
TK96106315,3836655793,2/19/2021,1,KH
TK10920657,4100795985,2/19/2021,1,NV
TK7337911,2228885473,12/10/2021,1,NV
TK36623293,1085038566,10/24/2021,1,KH
TK34034179,2365324350,3/13/2021,1,KH
TK51157452,3941107501,10/24/2021,1,KH
TK33926172,8085164628,8/25/2021,1,NV
TK70181106,3835321803,4/17/2021,1,KH
TK56575589,2086119075,6/22/2021,1,NV
TK1689257,7879668770,3/21/2021,1,KH
TK95789000,2023658719,8/18/2021,1,NV
TK49364407,5817690950,2/11/2021,1,KH
TK60116612,4365102272,11/15/2021,1,NV
TK21795226,8321011335,8/13/2021,1,KH
TK69547509,7255667520,12/21/2021,1,KH
TK9822854,6388216482,12/27/2021,1,NV
TK42586601,3956319428,7/13/2021,1,KH
TK15113725,4470787298,9/16/2021,1,NV
TK14689977,4429726226,8/12/2021,1,KH
TK58699511,2119987279,9/22/2021,1,KH
TK59847213,7790587032,1/15/2021,1,KH
TK4118914,1887468667,7/22/2021,1,NV
TK15530113,7090431670,3/22/2021,1,KH
TK15011111,9215041754,5/20/2021,1,NV
TK76694069,3792947675,7/26/2021,1,KH
TK92461611,3709265817,9/13/2021,1,KH
TK16155158,9287154255,11/14/2021,1,NV
TK7098063,9395077283,6/26/2021,1,KH
TK6212961,4910815537,1/14/2021,1,NV
TK35309049,4212500882,10/10/2021,1,KH
TK91170151,1940791130,9/17/2021,1,NV
TK73613633,6577527348,2/11/2021,1,NV
TK48958516,4568032695,3/23/2021,1,KH
TK91623765,2635187615,9/15/2021,1,KH
TK5421487,2376705342,1/22/2021,1,KH
TK51425328,9638556364,11/10/2021,1,NV
TK33978982,7113147345,9/26/2021,1,KH
TK74926395,3440308882,12/11/2021,1,NV
TK3904967,9518960247,8/11/2021,1,NV
TK44743486,4203404109,4/25/2021,1,KH
TK3823147,6845323415,10/11/2021,1,KH
TK52156110,6728666716,5/13/2021,1,NV
TK65762154,7849862301,11/23/2021,1,NV
TK12365107,5129344031,12/17/2021,1,KH
TK19550234,8001460333,12/24/2021,1,KH
TK6032658,4983870536,5/12/2021,1,NV
TK38127839,1981470422,8/23/2021,1,KH
TK35408429,5253057337,8/16/2021,1,NV
TK56518512,8937821356,10/27/2021,1,NV
TK60026826,7133565307,6/27/2021,1,KH
TK48768891,1980990220,10/18/2021,1,NV
TK74656815,9751884852,8/17/2021,1,KH
TK87690379,7020011536,6/22/2021,1,KH
TK90287231,5516320920,3/16/2021,1,NV
TK89025844,2066838892,10/15/2021,1,KH
TK16274796,9879982304,12/20/2021,1,NV
TK13443669,7429139536,9/21/2021,1,NV
TK39835856,9956477793,8/14/2021,1,NV
TK32268492,1802720127,3/14/2021,1,KH
TK3879060,4439630759,12/16/2021,1,KH
TK92348650,3645621841,9/27/2021,1,NV
TK63284313,4361404749,6/12/2021,1,NV
TK39048381,1688700323,8/13/2021,1,NV
TK7391311,4441759925,3/19/2021,1,KH
TK68392844,3050094106,9/16/2021,1,KH
TK30922507,5851597920,8/13/2021,1,NV
TK47074171,5045171715,10/11/2021,1,KH
TK27670899,6105191615,3/12/2021,1,NV
TK86328709,3449012752,6/15/2021,1,NV
TK29345648,6769068123,5/26/2021,1,NV
TK68818120,3483659686,6/28/2021,1,NV
TK34606800,2393179004,3/18/2021,1,NV
TK12812113,5609328433,10/19/2021,1,NV
TK64087058,4618596025,11/21/2021,1,KH
TK17814257,5894830976,10/12/2021,1,KH
TK70047341,1628415366,10/24/2021,1,KH
TK43637762,3715163452,2/10/2021,1,NV
TK69354702,7156459255,5/12/2021,1,KH
TK94686413,6685578033,6/23/2021,1,KH
TK28135611,6991879649,2/12/2021,1,KH
TK49855989,1910923091,12/16/2021,1,KH
TK88440947,1094561233,4/15/2021,1,KH
TK69739761,7144801108,1/24/2021,1,KH
TK66357088,9305398871,4/21/2021,1,KH
TK81043918,9750174097,3/20/2021,1,NV
TK12696220,7453155511,12/24/2021,1,NV
TK34774619,5407365798,2/24/2021,1,KH
TK82036612,6638586100,9/20/2021,1,KH
TK34212590,4078211258,10/17/2021,1,KH
TK54116658,9222288425,1/14/2021,1,KH
TK60036700,7910520797,1/13/2021,1,KH
TK44353037,9629335585,10/20/2021,1,NV
TK99221103,2659173068,3/28/2021,1,NV
TK5316637,3328656799,3/16/2021,1,NV
TK58329007,3950356677,6/16/2021,1,NV
TK11603064,8076378410,7/21/2021,1,NV
TK87109927,9653096125,3/19/2021,1,NV
TK86571991,7808637059,10/20/2021,1,KH
TK46258672,4144172537,5/11/2021,1,NV
TK26540030,5775737754,2/13/2021,1,NV
TK48379521,8340615205,4/19/2021,1,KH
TK89828433,1501151853,7/19/2021,1,NV
TK58250770,3148693795,1/16/2021,1,KH
TK59430268,3246056239,6/23/2021,1,NV
TK5643001,7383075630,1/27/2021,1,NV
TK17646313,2853010505,8/28/2021,1,KH
TK173256,8799276372,2/23/2021,1,KH
TK7671639,6288678533,5/20/2021,1,NV
TK65339053,3539940398,12/24/2021,1,NV
TK83685834,3909894946,1/18/2021,1,NV
TK54550889,6601249895,11/16/2021,1,KH
TK44760174,7441710647,6/24/2021,1,KH
TK76477896,6508729526,7/26/2021,1,NV
TK26388142,6901694593,10/14/2021,1,NV
TK66634220,1187928765,3/20/2021,1,KH
TK88384525,5976987614,1/27/2021,1,KH
TK67913579,5425977966,7/22/2021,1,NV
TK44323542,9799075788,4/19/2021,1,KH
TK66576236,2486638465,11/21/2021,1,KH
TK68638658,5646025852,2/27/2021,1,NV
TK93471019,2046923170,10/28/2021,1,NV
TK82898264,1844159612,7/27/2021,1,NV
TK61720418,6598193881,4/24/2021,1,NV
TK47344265,5247677684,12/10/2021,1,NV
TK24341479,5697332748,12/18/2021,1,KH
TK12863673,7107211823,5/22/2021,1,KH
TK27008104,5086152710,11/25/2021,1,NV
TK66106134,8164956206,8/12/2021,1,NV
TK99850783,9895934191,7/26/2021,1,KH
TK89537045,3863078092,7/19/2021,1,KH
TK22943544,6625940980,8/28/2021,1,NV
TK53171609,9909520182,2/26/2021,1,NV
TK49210806,2239426875,1/22/2021,1,KH
TK49906004,2353468317,8/10/2021,1,KH
TK63947882,6276929924,2/16/2021,1,KH
TK90414128,4495573159,8/22/2021,1,KH
TK43182089,7388202296,4/10/2021,1,KH
TK77044864,5558005119,7/21/2021,1,NV
TK68963938,1533712006,2/28/2021,1,KH
TK78804923,4885291073,9/16/2021,1,KH
TK84157173,3219102955,12/11/2021,1,NV
TK39221699,6379356049,4/26/2021,1,NV
TK64132474,5566023764,5/26/2021,1,NV
TK24978604,2547273000,1/12/2021,1,NV
TK32039715,3863400719,10/26/2021,1,NV
TK91005867,8213790815,1/21/2021,1,NV
TK66060278,8641311137,6/19/2021,1,NV
TK31013903,7331386057,11/20/2021,1,KH
TK71051600,6981569655,7/10/2021,1,KH
TK37502833,1415872609,7/12/2021,1,NV
TK4431855,8741379318,1/19/2021,1,KH
TK82190946,4306602958,4/15/2021,1,KH
TK64579583,2621010872,9/15/2021,1,KH
TK39554103,6834516861,6/26/2021,1,NV
TK56628369,1064353895,10/21/2021,1,KH
TK38106995,3618828014,2/10/2021,1,NV
TK43910586,9792473394,1/21/2021,1,NV
TK36108724,6681523068,1/17/2021,1,NV
TK85647255,6751651758,4/16/2021,1,NV
TK58184808,8644467018,1/22/2021,1,KH
TK57466038,8320620533,2/13/2021,1,NV
TK54434949,7878775359,5/12/2021,1,NV
TK46153467,5638311174,7/17/2021,1,NV
TK61231545,1940970827,8/16/2021,1,NV
TK21710524,6953469839,12/14/2021,1,NV
TK68153903,8415382044,2/18/2021,1,NV
TK22807188,4452791988,6/14/2021,1,KH
TK26250541,5836872700,2/27/2021,1,NV
TK77082410,7057428605,10/14/2021,1,NV
TK36893423,4550752164,7/13/2021,1,KH
TK59519863,3667703943,8/27/2021,1,NV
TK29103307,8164585991,12/12/2021,1,KH
TK85810535,7172982414,3/21/2021,1,KH
TK85611372,7320445271,11/24/2021,1,NV
TK85983331,9193180648,6/18/2021,1,KH
TK45151227,9010957396,3/25/2021,1,KH
TK4924853,6360888342,10/13/2021,1,KH
TK74141260,9004093531,4/19/2021,1,KH
TK59526279,8126886455,10/11/2021,1,NV
TK15126937,8419067840,7/25/2021,1,KH
TK90430621,1482638107,5/17/2021,1,KH
TK62215220,4426678596,8/16/2021,1,KH
TK28775460,5976575421,4/20/2021,1,NV
TK3323391,7532301907,4/13/2021,1,NV
TK28011455,6610352572,1/13/2021,1,KH
TK74093382,9133936312,12/26/2021,1,NV
TK2591312,6024861767,4/27/2021,1,NV
TK45478250,4430783796,12/22/2021,1,NV
TK33791453,2366193701,6/23/2021,1,KH
TK70375660,6260789667,5/21/2021,1,KH
TK8634178,7884474401,4/13/2021,1,KH
TK35433280,7970426765,11/26/2021,1,NV
TK84403515,1032044141,3/28/2021,1,NV
TK93506588,9180782674,11/19/2021,1,NV
TK26846717,6217006999,11/17/2021,1,KH
TK66131901,5344904265,8/11/2021,1,NV
TK51497132,2055558064,11/27/2021,1,NV
TK21425787,2939441176,11/24/2021,1,NV
TK23215179,2960188385,1/21/2021,1,NV
TK8695318,1647641076,8/24/2021,1,KH
TK60090359,1353922490,1/11/2021,1,NV
TK8708944,8927284826,9/22/2021,1,KH
TK27642508,5719583587,4/12/2021,1,NV
TK2608563,9917712747,3/17/2021,1,NV
TK23348014,6326207368,1/24/2021,1,NV
TK25098524,4608259107,5/21/2021,1,KH
TK79024646,6955229642,2/27/2021,1,NV
TK18951161,1468156777,6/22/2021,1,NV
TK91715580,8500681987,12/14/2021,1,KH
TK79908582,5578956259,3/17/2021,1,NV
TK97261848,8830521093,2/24/2021,1,KH
TK93525126,3542845330,3/17/2021,1,KH
TK4548791,3932387512,11/27/2021,1,KH
TK28805437,9162028532,8/24/2021,1,KH
TK1922688,6383124521,7/16/2021,1,NV
TK23721943,6466306742,8/23/2021,1,NV
TK48708500,3017491781,5/18/2021,1,KH
TK30777970,9731894834,6/21/2021,1,NV
TK26863989,5001062445,7/11/2021,1,KH
TK72504951,1693767719,11/23/2021,1,NV
TK69144666,9666183723,4/14/2021,1,NV
TK50538485,7142945719,7/28/2021,1,KH
TK30460819,7995519675,7/24/2021,1,NV
TK16146147,3768322270,10/27/2021,1,NV
TK87804034,6215448308,10/13/2021,1,NV
TK66022100,5416234244,8/24/2021,1,NV
TK86843949,3126914324,9/28/2021,1,KH
TK83319700,7250658047,10/26/2021,1,KH
TK96720063,5725347804,9/26/2021,1,NV
TK85419514,8791015794,10/27/2021,1,NV
TK77537106,1323132351,9/14/2021,1,NV
TK91306210,9927562540,6/19/2021,1,KH
TK51606463,8549597131,7/22/2021,1,KH
TK89952161,2362231046,1/23/2021,1,KH
TK50756725,6386456707,3/13/2021,1,KH
TK16509315,5992673374,5/26/2021,1,KH
TK94028648,9716278661,8/13/2021,1,KH
TK13094216,8969535495,12/25/2021,1,NV
TK72317148,1913236100,3/11/2021,1,KH
TK32891425,1304163024,8/13/2021,1,NV
TK56325779,7309315415,6/26/2021,1,NV
TK65493821,5956835152,8/25/2021,1,KH
TK32923625,3469500460,6/28/2021,1,NV
TK60689812,5551034464,11/28/2021,1,KH
TK71170413,1738351791,3/18/2021,1,KH
TK97071717,5968533373,2/15/2021,1,KH
TK16358685,8395470675,6/23/2021,1,KH
TK664939,2301280181,11/12/2021,1,KH
TK42047230,5906907784,1/15/2021,1,KH
TK73584670,6355527633,9/10/2021,1,NV
TK67208272,4242125147,4/17/2021,1,KH
TK36025609,6591306146,10/20/2021,1,NV
TK36609159,9479364971,2/22/2021,1,NV
TK29177972,4716355383,1/17/2021,1,KH
TK95681969,3905081934,6/18/2021,1,KH
TK96491918,8651443293,12/16/2021,1,KH
TK25156481,3851925934,10/23/2021,1,NV
TK21571789,3914863423,2/24/2021,1,NV
TK45160559,7217493713,11/28/2021,1,NV
TK81907748,1667213692,3/28/2021,1,NV
TK23422535,7222552111,8/20/2021,1,NV
TK76181806,3353194945,8/28/2021,1,NV
TK56998688,1513133521,2/13/2021,1,KH
TK18917354,9808874698,11/26/2021,1,NV
TK41320455,8929743895,4/11/2021,1,NV
TK40445024,1620264311,12/19/2021,1,NV
TK92824696,6297781862,5/11/2021,1,NV
TK50955215,4934747254,2/22/2021,1,KH
TK7031688,4100700243,3/16/2021,1,KH
TK76722496,8391941910,5/18/2021,1,NV
TK96403133,4394297592,1/15/2021,1,NV
TK65913641,9004742281,11/21/2021,1,KH
TK24542872,2082695252,3/24/2021,1,NV
TK16937389,8284458228,6/13/2021,1,KH
TK94005242,5821553192,4/20/2021,1,KH
TK3599886,4145839779,4/18/2021,1,NV
TK22872109,5009917823,5/11/2021,1,NV
TK30740328,8390433160,11/28/2021,1,NV
TK55229310,8216073840,8/23/2021,1,NV
TK52707667,7399642274,11/21/2021,1,NV
TK74981997,8519576634,7/27/2021,1,KH
TK81524419,1524829145,4/15/2021,1,KH
TK63546336,6951662715,1/23/2021,1,KH
TK80398863,1672346130,11/26/2021,1,KH
TK33222050,8009737498,11/12/2021,1,KH
TK29748191,5457388029,1/25/2021,1,KH
TK68789566,4005393376,1/22/2021,1,KH
TK87705856,4889923961,11/25/2021,1,NV
TK31693788,4268195796,8/17/2021,1,KH
TK37464621,6545558819,10/24/2021,1,KH
TK15660396,2793622603,2/13/2021,1,KH
TK41491025,1169681782,10/11/2021,1,KH
TK89369962,1073674430,5/27/2021,1,NV
TK3810225,4457809805,9/21/2021,1,NV
TK59263747,9619083154,12/18/2021,1,NV
TK28310557,8186484057,6/24/2021,1,NV
TK21190764,3163982443,3/10/2021,1,NV
TK1163633,5868824841,3/17/2021,1,KH
TK54167934,5406318352,1/18/2021,1,KH
TK5262886,1033355478,1/25/2021,1,KH
TK96301530,3707554633,4/20/2021,1,NV
TK6767187,8469453575,5/27/2021,1,KH
TK91909892,2613481278,8/10/2021,1,NV
TK34387842,4527857356,7/12/2021,1,KH
TK71051384,3764716475,1/20/2021,1,KH
TK69760922,1395382894,8/10/2021,1,NV
TK15477921,1888314543,12/28/2021,1,KH
TK30805054,4791086396,8/26/2021,1,NV
TK31165466,5410330635,10/12/2021,1,NV
TK87940892,9749279244,1/25/2021,1,KH
TK80514890,6934374228,9/15/2021,1,KH
TK36087668,6146396853,7/13/2021,1,KH
TK18024045,3591390955,8/26/2021,1,NV
TK71863151,4923260000,1/25/2021,1,KH
TK50828907,5545127892,1/15/2021,1,NV
TK19551837,8374795419,3/25/2021,1,NV
TK19684086,4715960974,3/12/2021,1,KH
TK70932384,1226665588,9/18/2021,1,NV
TK37750264,5402057205,11/20/2021,1,NV
TK49511748,8055412513,4/17/2021,1,KH
TK78165137,6632328564,12/26/2021,1,KH
TK82720622,3577016490,11/12/2021,1,NV
TK35337632,8550552425,5/20/2021,1,NV
TK10621964,5343665800,6/20/2021,1,NV
TK64251716,6923224098,2/12/2021,1,NV
TK56785610,2698172177,6/14/2021,1,KH
TK34496774,9127048947,10/15/2021,1,KH
TK75267203,6495413745,7/28/2021,1,NV
TK60550073,3216028910,11/26/2021,1,KH
TK31711791,4015459654,9/23/2021,1,NV
TK84249182,4447243914,1/12/2021,1,NV
TK84296983,3528291793,3/15/2021,1,NV
TK54293327,1633477582,4/18/2021,1,KH
TK58401251,8620167161,5/26/2021,1,KH
TK6262349,6878174192,11/10/2021,1,KH
TK68932966,7257639984,2/19/2021,1,NV
TK40316006,6681271450,10/18/2021,1,NV
TK95068945,9868448073,9/25/2021,1,KH
TK32384025,9994877793,3/20/2021,1,KH
TK93980542,9324097820,9/18/2021,1,NV
TK43755294,3536900110,3/19/2021,1,KH
TK26481387,2751463115,7/25/2021,1,KH
TK66663461,6359008289,6/10/2021,1,KH
TK7907273,3294204259,8/25/2021,1,KH
TK73737499,7150504163,1/22/2021,1,KH
TK77638061,2128661663,6/26/2021,1,KH
TK12355670,7853762781,6/15/2021,1,NV
TK90308757,2249117846,4/16/2021,1,KH
TK66573468,9730120481,6/14/2021,1,NV
TK62783829,5727099843,8/14/2021,1,NV
TK39491716,1787139919,4/23/2021,1,KH
TK36610349,6595420845,10/25/2021,1,NV
TK85818730,4045941557,4/18/2021,1,KH
TK31555771,6681685890,10/17/2021,1,KH
TK59409824,6106177225,12/16/2021,1,KH
TK63302269,8424189700,4/20/2021,1,NV
TK45026113,9052905400,7/15/2021,1,NV
TK2817755,1092530236,6/24/2021,1,KH
TK55025188,9498573675,4/28/2021,1,NV
TK62207804,5270228387,7/18/2021,1,NV
TK3327743,7076981667,10/18/2021,1,KH
TK83602604,6630782495,3/26/2021,1,NV
TK60008820,9008709504,5/14/2021,1,KH
TK7622534,9613466191,12/27/2021,1,KH
TK72788541,3146066576,3/22/2021,1,KH
TK45515120,4280650877,12/28/2021,1,NV
TK39164124,6279085850,12/24/2021,1,NV
TK94597832,9625573334,8/18/2021,1,KH
TK65404119,6475961675,1/10/2021,1,KH
TK40613530,1613557010,5/18/2021,1,KH
TK12226256,1272769804,10/12/2021,1,NV
TK34833375,9342684603,11/16/2021,1,NV
TK80260726,6900889210,10/17/2021,1,NV
TK66496402,8752615987,9/19/2021,1,NV
TK57799360,1361363947,5/26/2021,1,KH
TK95038691,1719536997,1/25/2021,1,NV
TK25842290,9338100255,5/26/2021,1,KH
TK6582998,1623157186,3/10/2021,1,KH
TK62363382,3303054970,10/28/2021,1,KH
TK24961660,4304154181,6/24/2021,1,KH
TK81696067,8161439416,1/10/2021,1,KH
TK79033836,1133138277,2/25/2021,1,NV
TK5123717,3848482528,4/19/2021,1,KH
TK91422290,1263832141,4/19/2021,1,NV
TK10607623,4322645043,7/12/2021,1,NV
TK97209462,7152511637,1/11/2021,1,KH
TK79469645,7081849902,3/10/2021,1,NV
TK47877542,2468957802,7/19/2021,1,NV
TK70036656,2585593074,5/23/2021,1,KH
TK1157530,3374657243,5/18/2021,1,NV
TK96098321,5472784583,9/25/2021,1,NV
TK5144300,4018017261,10/14/2021,1,KH
TK13240100,2902058474,11/11/2021,1,KH
TK49700971,9926383403,11/16/2021,1,KH
TK40397229,7435171093,1/15/2021,1,KH
TK33478576,7921465090,11/19/2021,1,NV
TK79234768,7842100452,5/20/2021,1,NV
TK73995208,2069716032,2/18/2021,1,KH
TK33585134,1370467077,2/18/2021,1,KH
TK16309300,6362258277,5/16/2021,1,KH
TK44382015,7951721875,3/12/2021,1,KH
TK25986287,2177317075,9/11/2021,1,KH
TK9991203,4780691685,7/24/2021,1,NV
TK55996125,7521504799,1/25/2021,1,NV
TK56740431,5868714110,1/17/2021,1,KH
TK85830715,8641271425,9/24/2021,1,NV
TK33023087,3380367003,7/13/2021,1,KH
TK31112133,6210753960,1/13/2021,1,KH
TK68895520,5508208807,3/28/2021,1,KH
TK32344862,4053527623,11/12/2021,1,NV
TK90304123,9705324157,1/22/2021,1,NV
TK19557298,6502871451,10/16/2021,1,NV
TK77992745,1984765792,12/26/2021,1,KH
TK67912483,4547332679,3/14/2021,1,NV
TK9586959,1613125620,3/19/2021,1,NV
TK87884517,2263514045,2/10/2021,1,NV
TK29952814,5881033902,4/14/2021,1,KH
TK20656351,1124398326,6/16/2021,1,NV
TK23404792,1223370838,10/26/2021,1,NV
TK18961657,5460769645,12/13/2021,1,KH
TK94993168,2196270085,1/24/2021,1,NV
TK30699590,2398471251,9/10/2021,1,NV
TK3722166,6800428729,1/21/2021,1,NV
TK4101692,1792327572,2/27/2021,1,NV
TK90464007,7497166151,4/14/2021,1,KH
TK15683583,4754395305,8/20/2021,1,KH
TK34144308,4654714155,7/17/2021,1,NV
TK79956171,4063486960,9/25/2021,1,NV
TK5934613,5371232144,4/26/2021,1,KH
TK9501006,3095416714,1/19/2021,1,NV
TK36492853,2816944947,3/26/2021,1,NV
TK41580586,4547251952,5/22/2021,1,NV
TK3500637,9723076377,1/21/2021,1,NV
TK46032002,3850169926,8/13/2021,1,KH
TK66525862,9451890974,8/14/2021,1,NV
TK7754812,7624436195,1/16/2021,1,KH
TK15430538,4932103453,7/18/2021,1,KH
TK14965761,1939077872,10/23/2021,1,KH
TK41916467,9118563963,5/22/2021,1,KH
TK67296849,7321452849,10/27/2021,1,KH
TK55898785,4732855782,12/15/2021,1,KH
TK34201274,5653554469,1/26/2021,1,NV
TK31069750,5882884902,10/28/2021,1,NV
TK19429836,5030188992,12/22/2021,1,NV
TK64252097,5514769771,7/20/2021,1,NV
TK91639435,1519128167,1/10/2021,1,NV
TK38366677,8317154728,11/26/2021,1,KH
TK31323379,6995782352,10/12/2021,1,NV
TK73505214,3323845553,11/17/2021,1,NV
TK27558059,3297041803,10/25/2021,1,KH
TK86563597,6326077005,8/16/2021,1,KH
TK18671336,3949905795,2/14/2021,1,NV
TK1423606,9471912202,1/16/2021,1,KH
TK79824800,9854628675,3/26/2021,1,NV
TK31780041,5652605052,8/26/2021,1,KH
TK13208335,6385931399,10/28/2021,1,NV
TK66553417,7720827116,11/15/2021,1,NV
TK97695260,7521397838,9/23/2021,1,NV
TK35132446,1945059050,1/18/2021,1,NV
TK1807765,9682020098,9/13/2021,1,NV
TK80946930,5894227338,7/27/2021,1,KH
TK990799,7776435529,6/26/2021,1,NV
TK7360607,5865194138,9/20/2021,1,NV
TK70428263,5474531382,12/25/2021,1,KH
TK84226369,6437831455,12/20/2021,1,KH
TK4047875,7524400759,9/12/2021,1,KH
TK89175709,6816379463,9/13/2021,1,NV
TK54018066,5489026460,2/16/2021,1,NV
TK46005471,6744843600,5/28/2021,1,KH
TK16253237,6560283970,6/17/2021,1,KH
TK70743158,5242995434,3/27/2021,1,NV
TK68596305,6755937066,5/28/2021,1,NV
TK38402970,2947850812,3/23/2021,1,NV
TK58819948,1970702198,1/21/2021,1,NV
TK50496117,8477784075,7/15/2021,1,NV
TK98986490,4851251519,8/11/2021,1,KH
TK63049972,6367333082,10/22/2021,1,NV
TK58132310,2183519194,1/16/2021,1,NV
TK12285670,8165015796,10/13/2021,1,NV
TK27974505,3769774084,9/27/2021,1,NV
TK55782521,8577546435,8/15/2021,1,KH
TK93145591,9650618333,12/16/2021,1,NV
TK5526862,9696366244,4/16/2021,1,KH
TK40367226,2272560257,3/16/2021,1,NV
TK28275126,2326388412,5/16/2021,1,NV
TK73077617,5624380594,4/15/2021,1,KH
TK81368704,3772686232,4/16/2021,1,KH
TK67177436,2616300616,1/17/2021,1,NV
TK93568827,5582059021,12/23/2021,1,KH
TK84079857,5647048686,1/11/2021,1,NV
TK88382147,2876244366,12/19/2021,1,KH
TK4576890,2243463894,12/23/2021,1,NV
TK75626448,3990707287,11/21/2021,1,NV
